cunt,k ah1 n t
cunts,k ah1 n t s
cum,k ah1 m
cuming,k ah1 m ih0 ng
rusty trombone,r ah1 s t iy0,t r aa0 m b ow1 n
shit,sh ih1 t
shits,sh ih1 t s
shitting,sh ih1 t ih0 ng
fuck,f ah1 k
fucks,f ah1 k s
stripper,s t r ih1 p er0
strippers,s t r ih1 p er0 z
dick,d ih1 k
dicks,d ih1 k s
tit,t ih1 t
tits,t ih1 t s
chode,ch ow1 d 
jerk,jh er1 k
jerking,jh er1 k ih0 ng
whack,w ae1 k
wacking,w ae1 k ih0 ng
fist,f ih1 s t
fuck,f ah1 k
fucks,f ah1 k s
fucking,f ah1 k ih0 ng
dick,d ih1 k
dicks,d ih1 k s
blow,b l ow1
blowing,b l ow1 ih0 ng
blow job,b l ow1,jh aa1 b
job,jh aa1 b
asshole,ae1 s hh ow0 l
assholes,ae1 s hh ow0 l s
ass,ae1 s
asses,ae1 s ah0 z
pussy,p uh1 s iy0
pussies,p uh1 s iy0 z
douche,d uw1 sh
douchebag,d uw1 sh b ae2 g
clit,k l ay0 t
cornhole,k ao1 r n hh ow2 l
balls,b ao1 l z
balling,b ao1 l ih0 ng
deep,d iy1 p
penetrate,p eh1 n ah0 t r ey2 t
skank, k ae1 n k
skanks, k ae1 n k s
skanky, k ae1 n k iy0 
slut,s l ah1 t
sluts,s l ah1 t s
slutty,s l ah1 t iy2
whore,hh ao1 r
whores,hh ao1 r z
spank,s p ae1 ng k
spanking,s p ae1 ng k ih0 ng
thrust,th r ah1 s t
thrusting,th r ah1 s t ih0 ng
wet,w eh1 t
hard,hh aa1 r d
moist,m oy1 s t
genital,jh eh1 n ah0 t ah0 l
genitals,jh eh1 n ah0 t ah0 l z
stiff,s t ih1 f
hardon,hh aa1 r d aa1 n
orgasm,ao1 r g ae0 z ah0 m
jizz,jh ih0 z
jizzing,h ih0 z ih0 ng
rub,r ah1 b
stoke,s t ow1 k
stroking,s t r ow1 k ih0 ng
poon,p uw1 n
poontang, uw1 n t ae1 ng
butt,b ah1 t
butts,b ah1 t s
crotch,k r aa1 ch
cock,k aa1 k
cocks,k aa1 k s
ball,b ao1 l
balls,b ao1 l z
nuts,n ah1 t s
testicle,t eh1 s t ih0 k ah0 l
testicles,t eh1 s t ih0 k ah0 l z
poop,p uw1 p
poops,p uw1 p s
pooping,p uw1 p ih0 ng
lick,l ih1 k
licks,l ih1 k s
licking,l ih1 k ih0 ng
clit,k l ay0 t
clitoris,k l ay0 t ao1 r ih0 s
