a,ah0
aaron,eh1 r ah0 n
abby ,ae1 b iy0
abe lincoln,ey1 b,l ih1 ng k ah0 n
abercrombie,ae2 b er0 k r aa1 m b iy0
abigail,ae1 b ah0 g ey2 l
abortion,ah0 b ao1 r sh ah0 n
adam,ae1 d ah0 m
adrian,ey1 d r iy0 ah0 n
agnostic,ae0 g n aa1 s t ih0 k
aids,ey1 d z
air jerk,eh1 r,jh er1 k
airplane mode,eh1 r p l ey2 n,m ow1 d
aisle salmon,ay1 l,s ae1 m ah0 n
al gore,ae1 l,g ao1 r
al sharpton,ae1 l,sh aa1 r p t ah0 n
alcohol,ae1 l k ah0 hh aa2 l
alex,ae1 l ah0 k s
alexa,ah0 l eh1 k s ah0
alexander,ae2 l ah0 g z ae1 n d er0
alexandra,ae2 l eh0 g z ae1 n d r ah0
alexandria,ae2 l ah0 g z ae1 n d r iy0 ah0
alexis,ah0 l eh1 k s ih0 s
ali,aa1 l iy0
alice,ae1 l ah0 s
alicia,ah0 l ih1 sh ah0
alison,ae1 l ih0 s ah0 n
all time low,ao1 l,t ay1 m,l ow1
allison,ae1 l ah0 s ah0 n
alone,ah0 l ow1 n
alyssa,ah0 l ih1 s ah0
amanda,ah0 m ae1 n d ah0
amber,ae1 m b er0
amelia,ah0 m iy1 l y ah0
america,ah0 m eh1 r ah0 k ah0
american,ah0 m eh1 r ah0 k ah0 n
amy,ey1 m iy0
an hero,ae1 n,hh ih1 r ow0
anal sex,ey1 n ah0 l,s eh1 k s
anal,ey1 n ah0 l
anarchy,ae1 n er0 k iy0
anchor,ae1 ng k er0
anonymous,ah0 n aa1 n ah0 m ah0 s
anus,ey1 n ah0 s
aol,ey1 ow1 eh1 l
apple,ae1 p ah0 l
arch douche,aa1 r ch,d uw1 sh
ariana,aa0 r iy0 ae1 n ah0
asian girls,ey1 zh ah0 n,g er1 l z
asian,ey1 zh ah0 n
asians,ey1 zh ah0 n z
ass clown,ae1 s,k l aw1 n
ass,ae1 s
asses,ae1 s ah0 z
asshole,ae1 s hh ow0 l
assholes,ae1 s hh ow0 l s
awkward arm,aa1 k w er0 d,aa1 r m
bachelor wash,b ae1 ch ah0 l er0,w aa1 sh
ball,b ao1 l
balling,b ao1 l ih0 ng
balls out,b ao1 l z,aw1 t
balls,b ao1 l z
batman,b ae1 t m ae2 n
bbc,b iy2 b iy0 s iy1
beautiful,b y uw1 t ah0 f ah0 l
beaver,b iy1 v er0
bed gravity,b eh1 d,g r ae1 v ah0 t iy0
beef walk,b iy1 f,w ao1 k
ben,b eh1 n
bible,b ay1 b ah0 l
bill clinton,b ih1 l,k l ih1 n t ah0 n
bimbo,b ih1 m b ow0
birthday,b er1 th d ey2
bisexual,b ay2 s eh1 k sh uw0 ah0 l
bitch,b ih1 ch
black friday,b l ae1 k,f r ay1 d iy0
black people,b l ae1 k,p iy1 p ah0 l
black,b l ae1 k
blair,b l eh1 r
blog,b l ao1 g
bloods,b l ah1 d z
blow job,b l ow1,jh aa1 b
blow,b l ow1
blowing,b l ow1 ih0 ng
blue balls,b l uw1,b ao1 l z
blunt,b l ah1 n t
bogan,b ow1 g ah0 n
bogart,b ow1 g aa2 r t
boiled goose,b oy1 l d,g uw1 s
bone ami,b ow1 n,aa1 m iy0
boner shock,b ow1 n er0,sh aa1 k
boner,b ow1 n er0
bong,b aa1 ng
boobs,b uw1 b z
book google,b uh1 k,g uw1 g ah0 l
booty call,b uw1 t iy0,k ao1 l
booty grazing,b uw1 t iy0,g r ey1 z ih0 ng
booty text,b uw1 t iy0,t eh1 k s t
booty,b uw1 t iy0
bored to debt,b ao1 r d,t uw1,d eh1 t
bored,b ao1 r d
boredom,b ao1 r d ah0 m
bowl echo,b ow1 l,eh1 k ow0
boyfriend,b oy1 f r eh2 n d
bra,b r aa1
brad pitt,b r ae1 d,p ih1 t
brain bleach,b r ey1 n,b l iy1 ch
brain boner,b r ey1 n,b ow1 n er0
brand new,b r ae1 n d,n uw1
brandon,b r ae1 n d ah0 n
breast,b r eh1 s t
breasts,b r eh1 s t s
brian,b r ay1 ah0 n
brittany,b r ih1 t ah0 n iy0
bro,b r ow1
broner,b r ow1 n er0
buffer guest,b ah1 f er0,g eh1 s t
buffer race,b ah1 f er0,r ey1 s
bus surfing,b ah1 s,s er1 f ih0 ng
bush,b uh1 sh
butt,b ah1 t
butter face,b ah1 t er0,f ey1 s
butts,b ah1 t s
cactus legs,k ae1 k t ah0 s,l eh1 g z
caitlin,k ey1 t l ih0 n
california,k ae2 l ah0 f ao1 r n y ah0
camel toe,k ae1 m ah0 l,t ow1
cameron,k ae1 m er0 ah0 n
campy,k ae1 m p iy0
canada,k ae1 n ah0 d ah0
cannabis,k ae1 n ah0 b ah0 s
casey,k ey1 s iy0
cat,k ae1 t
catherine,k ae1 th er0 ah0 n
celebrity lay,s ah0 l eh1 b r ih0 t iy0,l ey1
chase,ch ey1 s
cheat chain,ch iy1 t,ch ey1 n
cheese,ch iy1 z
cherry,ch eh1 r iy0
chicago,sh ah0 k aa1 g ow2
chick flick,ch ih1 k,f l ih1 k
chinese,ch ay0 n iy1 z
chink,ch ih1 ng k
chode,ch ow1 d 
chris,k r ih1 s
christian,k r ih1 s ch ah0 n
christianity,k r ih2 s ch iy0 ae1 n ih0 t iy0
christina,k r ih0 s t iy1 n ah0
christine,k r ih0 s t iy1 n
christmas,k r ih1 s m ah0 s
christopher,k r ih1 s t ah0 f er0
chronic,k r aa1 n ih0 k
chuck norris,ch ah1 k,n ao1 r ih0 s
cleavage,k l iy1 v ah0 jh
clit,k l ay0 t
clitoris,k l ay0 t ao1 r ih0 s
cocaine,k ow0 k ey1 n
cock block,k aa1 k,b l aa1 k
cock,k aa1 k
cocks,k aa1 k s
coke,k ow1 k
cold finger,k ow1 l d,f ih1 ng g er0
cold jerky,k ow1 l d,jh er1 k iy0
college,k aa1 l ih0 jh
computer,k ah0 m p y uw1 t er0
concierge,k aa2 n s iy0 eh1 r zh
condom,k aa1 n d ah0 m
connor,k aa1 n er0
coochie,k uw1 ch iy0
cookie duster,k uh1 k iy0,d ah1 s t er0
cool,k uw1 l
coon,k uw1 n
cooter,k uw1 t er0
cop,k aa1 p
cornhole,k ao1 r n hh ow2 l
cosby sweater,k ao1 z b iy0,s w eh1 t er0
cougar,k uw1 g er0
coupon karma,k uw1 p ao2 n,k aa1 r m ah0
courtesy fart,k er1 t ah0 s iy0,f aa1 r t
cowbell,k aw1 b eh2 l
crack,k r ae1 k
cracker,k r ae1 k er0
crap,k r ae1 p
crips,k r ih1 p s
critical ass,k r ih1 t ih0 k ah0 l,ae1 s
cross country,k r ao1 s,k ah1 n t r iy0
crotch,k r aa1 ch
crump,k r ah1 m p
crunk,k r ah1 ng k
crush,k r ah1 sh
cum dumpster,k ah1 m,d ah1 m p s t er0
cum,k ah1 m
cuming,k ah1 m ih0 ng
cunnilingus,k ah2 n ah0 l ih1 ng g ah0 s
cunt,k ah1 n t
cunts,k ah1 n t s
curb shame,k er1 b,sh ey1 m
cute,k y uw1 t
dad,d ae1 d
daft punk,d ae1 f t,p ah1 ng k
damn,d ae1 m
dan,d ae1 n
dana,d ey1 n ah0
daniel,d ae1 n y ah0 l
danielle,d ae2 n iy0 eh1 l
dank,d ae1 ng k
danny,d ae1 n iy0
dave,d ey1 v
david,d ey1 v ih0 d
dead text,d eh1 d,t eh1 k s t
deaf breath,d eh1 f,b r eh1 th
death,d eh1 th
deep,d iy1 p
deface,d ih0 f ey1 s
deloitte,d ah0 l oy1 t
demi lovato,d eh1 m iy0,l ow0 v aa1 t ow0
democrat,d eh1 m ah0 k r ae2 t
denise,d ih0 n iy1 s
depression,d ih0 p r eh1 sh ah0 n
derek,d eh1 r ih0 k
desk rage,d eh1 s k,r ey1 jh
detroit,d ih0 t r oy1 t
devin,d eh1 v ih0 n
diana,d ay0 ae1 n ah0
diarrhea,d ay2 er0 iy1 ah0
dick cheney,d ih1 k,ch ey1 n iy0
dick flick,d ih1 k,f l ih1 k
dick inches,d ih1 k,ih1 n ch ah0 z
dick magnet,d ih1 k,m ae1 g n ah0 t
dick offset,d ih1 k,ao0 f s eh1 t
dick,d ih1 k
dicks,d ih1 k s
dictionary,d ih1 k sh ah0 n eh2 r iy0
dike,d ay1 k
dip,d ih1 p
dirty sanchez,d er1 t iy0,s ae1 n ch eh0 z
disco nap,d ih1 s k ow0,n ae1 p
dish envy,d ih1 sh,eh1 n v iy0
disney,d ih1 z n iy0
docking,d aa1 k ih0 ng
dog,d ao1 g
doggy style,d ao1 g iy0,s t ay1 l
dome,d ow1 m
donkey punch,d aa1 ng k iy0,p ah1 n ch
donkey show,d aa1 ng k iy0,sh ow1
dope,d ow1 p
doty,d ow1 t iy0
douche bag,d uw1 sh,b ae1 g
douche,d uw1 sh
douchebag,d uw1 sh b ae2 g
dougie,d uw1 g iy0
dr google,d r ay1 v,g uw1 g ah0 l
drugs,d r ah1 g z
drum driving,d r ah1 m,d r ay1 v ih0 ng
drunk catcher,d r ah1 ng k,k ae1 ch er0
drunk,d r ah1 ng k
dub,d ah1 b
dude,d uw1 d
dungeon tan,d ah1 n jh ah0 n,t ae1 n
dustin,d ah1 s t ih0 n
dyke,d ay1 k
dylan,d ih1 l ah0 n
e,iy1
earth,er1 th
easy,iy1 z iy0
eat out,iy1 t,aw1 t
eating out,iy1 t ih0 ng,aw1 t
ebonics,iy0 b ao1 n ih0 k s
ebony,eh1 b ah0 n iy0
echo chamber,eh1 k ow0,ch ey1 m b er0
echo effect,eh1 k ow0,ih0 f eh1 k t
ecstasy,eh1 k s t ah0 s iy0
ed hardy,eh1 d,hh aa1 r d iy0
ed sheeran,eh1 d,sh ih1 r ah0 n
eddie,eh1 d iy0
eh,eh1
eiffel tower,ay1 f ah0 l,t aw1 er0
eight ball,ey1 t,b ao1 l
elaine,ih0 l ey1 n
elbow tag,eh1 l b ow2,t ae1 g
elena,eh1 l ah0 n ah0
eli porter,iy1 l ay0,p ao1 r t er0
eli,iy1 l ay0
elias,ah0 l ay1 ah0 s
elizabeth,ih0 l ih1 z ah0 b ah0 th
ellen,eh1 l ah0 n
ellie,eh1 l iy0
elmo,eh1 l m ow0
email bail,iy0 m ey1 l,b ey1 l
email courier,iy0 m ey1 l,k er1 iy0 er0
email tennis,iy0 m ey1 l,t eh1 n ah0 s
email,iy0 m ey1 l
emerson,eh1 m er0 s ah0 n
emily,eh1 m ih0 l iy0
emo alphabet,iy1 m ow2,ae1 l f ah0 b eh2 t
emo boy,iy1 m ow2,b oy1
emo chick,iy1 m ow2,ch ih1 k
emo girl,iy1 m ow2,g er1 l
emo kid,iy1 m ow2,k ih1 d
emo kids,iy1 m ow2,k ih1 d z
emo,iy1 m ow2
empty a leg,eh1 m p t iy0,ah0,l eh1 g
emu,iy1 m y uw2
endo,eh1 n d ow0
enema,eh1 n ah0 m ah0
english,ih1 ng g l ih0 sh
ent,eh1 n t
epic fail,eh1 p ih0 k,f ey1 l
epic,eh1 p ih0 k
erection,ih0 r eh1 k sh ah0 n
eric,eh1 r ih0 k
erica,eh1 r ih0 k ah0
erick,eh1 r ih0 k
erik,eh1 r ih0 k
erika,eh1 r ih0 k ah0
erin,eh1 r ih0 n
essay,eh0 s ey1
esse,eh1 s
ethan,iy1 th ah0 n
evelyn,eh1 v ah0 l ah0 n
evil,iy1 v ah0 l
ewe,y uw1
eye,ay1
facial,f ey1 sh ah0 l
fag hag,f ae1 g,hh ae1 g
fag,f ae1 g
faggot,f ae1 g ah0 t
fail,f ey1 l
fake,f ey1 k
falcon punch,f ae1 l k ah0 n,p ah1 n ch
family guy,f ae1 m ah0 l iy0,g ay1
fanny,f ae1 n iy0
fart,f aa1 r t
fat finger,f ae1 t,f ih1 ng g er0
fat,f ae1 t
fax potato,f ae1 k s,p ah0 t ey1 t ow2
felch,f eh1 l ch
fellatio,f ah0 l ey1 sh iy0 ow0
female,f iy1 m ey2 l
feminism,f eh1 m ih0 n ih2 z ah0 m
feminist,f eh1 m ah0 n ih0 s t
fetch,f eh1 ch
fight club,f ay1 t,k l ah1 b
filipino,f ih2 l ah0 p iy1 n ow0
finger guns,f ih1 ng g er0,g ah1 n z
finger,f ih1 ng g er0
fingering,f ih1 ng g er0 ih0 ng
finland,f ih1 n l ae2 n d
fire hazard,f ay1 er0,hh ae1 z er0 d
fireworks,f ay1 r w er2 k s
fist,f ih1 s t
fit,f ih1 t
flake,f l ey1 k
flamer,f l ey1 m er0
fly,f l ay1
fob,f ao1 b
food baby,f uw1 d,b ey1 b iy0
food douche,f uw1 d,d uw1 sh
foreplay,f ao1 r p l ey2
france,f r ae1 n s
fred,f r eh1 d
freshman,f r eh1 sh m ah0 n
friday,f r ay1 d iy0
fried chicken,f r ay1 d,ch ih1 k ah0 n
friend girl,f r eh1 n d,g er1 l
friend zone,f r eh1 n d,z ow1 n
friends,f r eh1 n d z
fuck a duck,f ah1 k,ah0,d ah1 k
fuck buddy,f ah1 k,b ah1 d iy0
fuck you,f ah1 k,y uw1
fuck,f ah1 k
fucked up,f ah1 k t,ah1 p
fucked,f ah1 k t
fucker,f ah1 k er0
fucking,f ah1 k ih0 ng
fucks,f ah1 k s
fudge packer,f ah1 jh,p ae1 k er0
fun,f ah1 n
furry,f er1 iy0
g spot,jh iy1,s p aa1 t
g string,jh iy1,s t r ih1 ng
g,jh iy1
gabriel,g ey1 b r iy0 ah0 l
gangsta,g ae1 ng s t ah0
gangster,g ae1 ng s t er0
gar,g aa1 r
garrett,g ae1 r ih0 t
gash,g ae1 sh
gat,g ae1 t
gate massage,g ey1 t,m ah0 s aa1 zh
gate rape,g ey1 t,r ey1 p
gay buffer,g ey1,b ah1 f er0
gay crashing,g ey1,k r ae1 sh ih0 ng
gay sex,g ey1,s eh1 k s
gay,g ey1
gaydar,g ey1 d aa2 r
gaylord,g ey1 l ao2 r d
geek,g iy1 k
genital,jh eh1 n ah0 t ah0 l
genitals,jh eh1 n ah0 t ah0 l z
gerard way,jh er0 aa1 r d,w ey1
german,jh er1 m ah0 n
germany,jh er1 m ah0 n iy0
get get,g eh1 t,g eh1 t
get real,g eh1 t,r iy1 l
getting yucky,g eh1 t ih0 ng,y ah1 k iy0
ghetto,g eh1 t ow0
ghost taste,g ow1 s t,t ey1 s t
gift crack,g ih1 f t,k r ae1 k
gift parasite,g ih1 f t,p eh1 r ah0 s ay2 t
ginger,jh ih1 n jh er0
gintz,g ih1 n t s
girl crush,g er1 l,k r ah1 sh
girl,g er1 l
girlfriend,g er1 l f r eh2 n d
girls,g er1 l z
glen coco,g l eh1 n,k ow1 k ow2
glenn beck,g l eh1 n,b eh1 k
glory hole,g l ao1 r iy0,hh ow1 l
gnarly,n aa1 r l iy0
go primitive,g ow1,p r ih1 m ah0 t ih0 v
god,g aa1 d
gold digger,g ow1 l d,d ih1 g er0
golden shower,g ow1 l d ah0 n,sh aw1 er0
gonzo,g aa1 n z ow0
gooch,g uw1 ch
good looking,g uh1 d,l uh1 k ih0 ng
good talk,g uh1 d,t ao1 k
google harder,g uw1 g ah0 l,hh aa1 r d er0
google,g uw1 g ah0 l
gook,g uh1 k
gore effect,g ao1 r,ih0 f eh1 k t
goth,g aa1 th
government,g ah1 v er0 m ah0 n t
grace,g r ey1 s
grade digger,g r ey1 d,d ih1 g er0
grammar nazi,g r ae1 m er0,n aa1 t s iy0
grammer,g r ae1 m er0
grant,g r ae1 n t
grape drink,g r ey1 p,d r ih1 ng k
gravy train,g r ey1 v iy0,t r ey1 n
greek,g r iy1 k
green day,g r iy1 n,d ey1
green eyes,g r iy1 n,ay1 z
grenade,g r ah0 n ey1 d
grill,g r ih1 l
grind,g r ay1 n d
grinding,g r ay1 n d ih0 ng
guido,g w iy1 d ow0
guilt wave,g ih1 l t,w ey1 v
gullible,g ah1 l ah0 b ah0 l
gully,g ah1 l iy0
gun,g ah1 n
guy code,g ay1,k ow1 d
ha,hh aa1
hadad,hh ae1 d ah0 d
haley,hh ey1 l iy0
half and half,hh ae1 f,ah0 n d,hh ae1 f
halloween,hh ae2 l ah0 w iy1 n
halo,hh ey1 l ow0
ham,hh ae1 m
hand job,hh ae1 n d,jh aa1 b
hand me up,hh ae1 n d,m iy1,ah1 p
hannah,hh ae1 n ah0
happy ending,hh ae1 p iy0,eh1 n d ih0 ng
happy trail,hh ae1 p iy0,t r ey1 l
hard,hh aa1 r d
hardon,hh aa1 r d aa1 n
harvard,hh aa1 r v er0 d
hash,hh ae1 sh
hate,hh ey1 t
hater,hh ey1 t er0
hayley,hh ey1 l iy0
head splinter,hh eh1 d,s p l ih1 n t er0
head,hh eh1 d
heaven,hh eh1 v ah0 n
heavy metal,hh eh1 v iy0,m eh1 t ah0 l
heck,hh eh1 k
hell,hh eh1 l
hello list,hh ah0 l ow1,l ih1 s t
hernandez,hh er0 n ae1 n d eh0 z
heroin,hh eh1 r ow0 ah0 n
herpes,hh er1 p iy0 z
hick,hh ih1 k
hickey,hh ih1 k iy0
hilary duff,hh ih1 l er0 iy0,d ah1 f
hip hop,hh ih1 p,hh aa1 p
hippie,hh ih1 p iy0
hitler,hh ih1 t l er0
ho ho ho,hh ow1,hh ow1,hh ow1
ho,hh ow1
hockey,hh aa1 k iy0
hoe,hh ow1
holiday beard,hh aa1 l ah0 d ey2,b ih1 r d
hollister,hh aa1 l ih0 s t er0
home run,hh ow1 m,r ah1 n
homer simpson,hh ow1 m er0,s ih1 m p s ah0 n
homer,hh ow1 m er0
homework,hh ow1 m w er2 k
homo,hh ow1 m ow0
homosexual,hh ow2 m ow0 s eh1 k sh ah2 w ah0 l
hong ho,hh ao1 ng,hh ow1
honky,hh ao1 ng k iy0
hood rat,hh uh1 d,r ae1 t
hook up,hh uh1 k,ah1 p
hooking up,hh uh1 k ih0 ng,ah1 p
horny,hh ao1 r n iy0
hot carl,hh aa1 t,k aa1 r l
hot lunch,hh aa1 t,l ah1 n ch
hot mess,hh aa1 t,m eh1 s
hot topic,hh aa1 t,t aa1 p ih0 k
hot,hh aa1 t
houdini,hh uw0 d iy1 n iy0
house,hh aw1 s
hug,hh ah1 g
hummer,hh ah1 m er0
hump,hh ah1 m p
hun,hh ah1 n
husband chair,hh ah1 z b ah0 n d,ch eh1 r
hustler,hh ah1 s ah0 l er0
hymen,hh ay1 m ah0 n
hype aversion,hh ay1 p,ah0 v er1 zh ah0 n
i,ay1
ian,iy1 ah0 n
ianthe,iy0 aa1 n th ey0
ib,ih1 b
ice cube,ay1 s,k y uw1 b
ice maker,ay1 s,m ey1 k er0
ice,ay1 s
iced,ay1 s t
idiot,ih1 d iy0 ah0 t
ignorant,ih1 g n er0 ah0 n t
ill,ih1 l
illinois,ih2 l ah0 n oy1
immature,ih2 m ah0 t y uh1 r
imo,ay1 m ow0
incest,ih1 n s eh2 s t
india,ih1 n d iy0 ah0
indian,ih1 n d iy0 ah0 n
indie girl,ih1 n d iy0,g er1 l
indie kid,ih1 n d iy0,k ih1 d
indie,ih1 n d iy0
indo,ih1 n d ow0
inglish,ih1 ng g ah0 l ih0 sh
insomnia,ih0 n s aa1 m n iy0 ah0
intercourse,ih1 n t er0 k ao2 r s
interesting,ih1 n t r ah0 s t ih0 ng
internet,ih1 n t er0 n eh2 t
introvert,ih1 n t r ow0 v er2 t
invader zim,ih0 n v ey1 d er0,z ih1 m
inverse midas,ih0 n v er1 s,m ay1 d ah0 s
iphone effect,ay1 f ow2 n,ih0 f eh1 k t
iphone,ay1 f ow2 n
ipod,ay1 p ao2 d
iraq,ih0 r aa1 k
ireland,ay1 er0 l ah0 n d
irish twins,ay1 r ih0 sh,t w ih1 n z
irish,ay1 r ih0 sh
irma,er1 m ah0
irony,ay1 r ah0 n iy0
irregardless,ih0 r ah0 g aa1 d l ah0 s
isabel,ih1 z ah0 b eh2 l
isabella,ih2 z ah0 b eh1 l ah0
isabelle,ih1 z ah0 b eh2 l
ish,ih1 sh
islam,ih0 s l aa1 m
israel,ih1 z r iy0 ah0 l
it,ih1 t
italian,ih0 t ae1 l y ah0 n
its,ih1 t s
ja rule,y aa1,r uw1 l
jack off,jh ae1 k,ao1 f
jack shit,jh ae1 k,sh ih1 t
jack,jh ae1 k
jackass,jh ae1 k ae2 s
jackie,jh ae1 k iy0
jacking off,jh ae1 k ih0 ng,ao1 f
jacko,jh ae1 k ow0
jacob black,jh ey1 k ah0 b,b l ae1 k
jacob,jh ey1 k ah0 b
jacqueline,jh ae1 k w ah0 l ih0 n
jade,jh ey1 d
jail bait,jh ey1 l,b ey1 t
jaime,hh ay1 m iy0
jake,jh ey1 k
jamal,jh ah0 m aa1 l
james,jh ey1 m z
jamie ,jh ey1 m iy0
jared,jh eh1 r ih0 d
jasmine,jh ae1 z m ah0 n
jason,jh ey1 s ah0 n
jazz,jh ae1 z
jeff,jh eh1 f
jeffrey,jh eh1 f r iy0
jelly,jh eh1 l iy0
jerk,jh er1 k
jerking,jh er1 k ih0 ng
jersey shore,jh er1 z iy0,sh ao1 r
jesus christ,jh iy1 z ah0 s,k r ay1 s t
jesus jeans,jh iy1 z ah0 s,jh iy1 n z
jesus piece,jh iy1 z ah0 s,p iy1 s
jesus,jh iy1 z ah0 s
jet life,jh eh1 t,l ay1 f
jihad,jh iy1 hh ae0 d
jill off,jh ih1 l,ao1 f
jillian,jh ih1 l iy0 ah0 n
jimi hendrix,jh ih1 m iy0,hh eh1 n d r ih0 k s
jimmy page,jh ih1 m iy0,p ey1 jh
jimmy,jh ih1 m iy0
jingle bowels,jh ih1 ng g ah0 l,b aw1 ah0 l z
jive turkey,jh ay1 v,t er1 k iy0
jizz,jh ih0 z
jizzing,h ih0 z ih0 ng
joan,jh ow1 n
joanna,jh ow0 ae1 n ah0
joanne,jh ow2 ae1 n
job talker,jh aa1 b,t ao1 k er0
job,jh aa1 b
jocelyn,jh ao1 s l ih2 n
jock,jh aa1 k
joe,jh ow1
joel,jh ow1 ah0 l
joey,jh ow1 iy0
johnson,jh aa1 n s ah0 n
joint,jh oy1 n t
joke poach,jh ow1 k,p ow1 ch
jon stewart,jh aa1 n,s t uw1 er0 t
jon,jh aa1 n
jonathan,jh aa1 n ah0 th ah0 n
jordan,jh ao1 r d ah0 n
jose,hh ow2 z ey1
joseph smith,jh ow1 s ah0 f,s m ih1 th
joseph,jh ow1 s ah0 f
josh,jh aa1 sh
joshua,jh aa1 sh uw0 ah0
joy,jh oy1
juggernaut,jh ah1 g er0 n ao2 t
julia,jh uw1 l y ah0
julian,jh uw1 l iy0 ah0 n
julie,jh uw1 l iy0
jungle bunny,jh ah1 ng g ah0 l,b ah1 n iy0
just friends,jh ah1 s t,f r eh1 n d z
just saying,jh ah1 s t,s ey1 ih0 ng
justin bieber,jh ah1 s t ah0 n,b iy1 b er0
justin,jh ah1 s t ah0 n
k,k ey1
kara,k eh1 r ah0
kardashian,k aa1 d ah0 sh ey2 n
karen,k eh1 r ah0 n
karma,k aa1 r m ah0
kat,k ae1 t
kate,k ey1 t
keep it real,k iy1 p,ih1 t,r iy1 l
keeper,k iy1 p er0
kick rocks,k ih1 k,r aa1 k s
kickback,k ih1 k b ae2 k
kicks,k ih1 k s
kiki,k iy1 k iy0
kill,k ih1 l
kim jong il,k ih1 m,jh ao1 ng,ih1 l
kim,k ih1 m
kimberly,k ih1 m b er0 l iy0
king kong,k ih1 ng,k ao1 ng
kinky,k ih1 ng k iy0
kirsten,k er1 s t ah0 n
kiss,k ih1 s
kitten,k ih1 t ah0 n
kitty,k ih1 t iy0
kkk,k ey1 k ey1 k ey1
kneel,n iy1 l
kobe bryant,k ow1 b ey0,b r ay1 ah0 n t
kobe special,k ow1 b ey0,s p eh1 sh ah0 l
kobe,k ow1 b ey0
kodak courage,k ow1 d ae2 k,k er1 ah0 jh
kool aid,k uw1 l,ey1 d
kudos,k uw1 d ow0 s
kush,k uh1 sh
kwanzaa,k w aa1 n z ah0
kyle,k ay1 l
labella,l ah0 b eh1 l ah0
labor day,l ey1 b er0,d ey1
lacrosse,l ah0 k r ao1 s
laid,l ey1 d
lame,l ey1 m
lara,l aa1 r ah0
lars,l aa1 r z
last texter,l ae1 s t,t eh1 k s t er0
latina,l aa0 t iy1 n ah0
laugh,l ae1 f
laundry limbo,l ao1 n d r iy0,l ih1 m b ow0
laura,l ao1 r ah0
lauren,l ao1 r ah0 n
laying pipe,l ey1 ih0 ng,p ay1 p
leah,l iy1 ah0
lean,l iy1 n
lebron james,l eh1 b r ah0 n,jh ey1 m z
led zeppelin,l eh1 d,z eh1 p ih0 l ih0 n
leet,l iy1 t
legit,l eh1 jh ih0 t
lego hair,l eh1 g ow0,hh eh1 r
lemon,l eh1 m ah0 n
lena,l iy1 n ah0
leno giver,l eh1 n ow0,g ih1 v er0
lent trap,l eh1 n t,t r ae1 p
lesbian sex,l eh1 z b iy0 ah0 n,s eh1 k s
lesbian,l eh1 z b iy0 ah0 n
lesbians,l eh1 z b iy0 ah0 n z
leslie,l eh1 s l iy0
let you go,l eh1 t,y uw1,g ow1
liberal,l ih1 b er0 ah0 l
libertarian,l ih2 b er0 t eh1 r iy0 ah0 n
lick,l ih1 k
licking,l ih1 k ih0 ng
licks,l ih1 k s
life password,l ay1 f,p ae1 s w er2 d
life,l ay1 f
like a boss,l ay1 k,ah0,b aa1 s
like,l ay1 k
lilly,l ih1 l iy0
lily,l ih1 l iy0
lindsay,l ih1 n d z iy0
lindsey,l ih1 n d z iy0
link,l ih1 ng k
linux,l ih1 n ah0 k s
lion king,l ay1 ah0 n,k ih1 ng
lipper,l ih1 p er0
lisa,l iy1 s ah0
literally,l ih1 t er0 ah0 l iy0
little buddy,l ih1 t ah0 l,b ah1 d iy0
liz,l ih1 z
lolita,l ow0 l iy1 t ah0
london bridge,l ah1 n d ah0 n,b r ih1 jh
london,l ah1 n d ah0 n
loneliness,l ow1 n l iy0 n ah0 s
lonely,l ow1 n l iy0
loner,l ow1 n er0
loose,l uw1 s
looser,l uw1 s er0
lori,l ao1 r iy0
los angeles,l ow1 s,ae1 n jh ah0 l ih0 s
loser,l uw1 z er0
lost,l ao1 s t
louis,l uw1 ih0 s
louisiana,l uw0 iy2 z iy0 ae1 n ah0
lsd,eh2 l eh2 s d iy1
lucas,l uw1 k ah0 s
lucy,l uw1 s iy0
luis,l uw0 iy1 s
luke,l uw1 k
lupe fiasco,l uw1 p,f iy0 ae1 s k ow0
lush,l ah1 sh
lust,l ah1 s t
lydia,l ih1 d iy0 ah0
lying in wake,l ay1 ih0 ng,ih0 n,w ey1 k
lynn,l ih1 n
mackenzie,m ah0 k eh1 n z iy0
maggie,m ae1 g iy0
mall feet,m ao1 l,f iy1 t
man cave,m ae1 n,k ey1 v
man chair,m ae1 n,ch eh1 r
man crush,m ae1 n,k r ah1 sh
man stand,m ae1 n,s t ae1 n d
man,m ae1 n
marcus,m aa1 r k ah0 s
maria,m er0 iy1 ah0
marijuana,m eh2 r ah0 w aa1 n ah0
marine,m er0 iy1 n
mario,m aa1 r iy0 ow0
maris,m eh1 r ih0 s
mark,m aa1 r k
marriage,m eh1 r ih0 jh
martin,m aa1 r t ah0 n
massachusetts,m ae2 s ah0 ch uw1 s ah0 t s
masturbate,m ae1 s t er0 b ey2 t
masturbation,m ae2 s t er0 b ey1 sh ah0 n
max,m ae1 k s
maybe later,m ey1 b iy0,l ey1 t er0
mcdonalds,m ah0 k d aa1 n ah0 l d z
me,m iy1
megan fox,m ey1 g ah0 n,f aa1 k s
megan,m ey1 g ah0 n
melissa,m ah0 l ih1 s ah0
memory hole,m eh1 m er0 iy0,hh ow1 l
men,m eh1 n
metal,m eh1 t ah0 l
metallica,m ah0 t ae1 l ih0 k ah0
meth,m eh1 th
metrosexual,m eh2 t r ah0 s eh1 k sh uw2 ah0 l
mexican,m eh1 k s ah0 k ah0 n
michael,m ay1 k ah0 l
michelle,m ih0 sh eh1 l
michigan,m ih1 sh ih0 g ah0 n
microsoft,m ay1 k r ow2 s ao1 f t
middle school,m ih1 d ah0 l,s k uw1 l
mike,m ay1 k
miley cyrus,m ay1 l iy0,s ay1 r ah0 s
milkshake,m ih1 l k sh ey2 k
mindy,m ih1 n d iy0
mines,m ay1 n z
minger,m ih1 ng er0
moist,m oy1 s t
mom,m aa1 m
money hugger,m ah1 n iy0,hh ah1 g er0
money,m ah1 n iy0
morgan,m ao1 r g ah0 n
mormon wine,m ao1 r m ah0 n,w ay1 n
morning wood,m ao1 r n ih0 ng,w uh1 d
mother fucker,m ah1 dh er0,f ah1 k er0
motorboat,m ow1 t er0 b ow2 t
mourad,m uw1 r ae0 d
mouse potato,m aw1 s,p ah0 t ey1 t ow2
muddy helmet,m ah1 d iy0,hh eh1 l m ah0 t
muff cabbage,m ah1 f,k ae1 b ah0 jh
muff,m ah1 f
muffin top,m ah1 f ah0 n,t aa1 p
muffin,m ah1 f ah0 n
munchies,m ah1 n ch iy2 z
nadia,n ae1 d y ah0
nadine,n ah0 d iy1 n
naff,n ae1 f
nambla,n ae1 m b l ah0
name ambush,n ey1 m,ae1 m b uh2 sh
nancy,n ae1 n s iy0
nano nap,n aa1 n ow0,n ae1 p
naomi,n ey0 ow1 m iy0
nap mouth,n ae1 p,m aw1 th
narc,n aa1 r k
natalia,n ah0 t aa1 l y ah0
natalie,n ae1 t ah0 l iy0
natasha,n ah0 t aa1 sh ah0
nate,n ey1 t
nazi,n aa1 t s iy0
negro,n iy1 g r ow0
nerd,n er1 d
net lag,n eh1 t,l ae1 g
niall horan,n ay1 l,hh ao1 r ah0 n
nice,n ay1 s
nicholas,n ih1 k ah0 l ah0 s
nick,n ih1 k
nickelodeon,n ih2 k ih0 l ow1 d iy0 ah0 n
nikki,n ih1 k iy0
ninja sex,n ih1 n jh ah0,s eh1 k s
ninja,n ih1 n jh ah0
nintendo,n ih0 n t eh1 n d ow0
nipple,n ih1 p ah0 l
nipples,n ih1 p ah0 l z
nirvana,n ih0 r v aa1 n ah0
no homo,n ow1,hh ow1 m ow0
no lifer,n ow1,l ay1 f er0
no name basis,n ow1,n ey1 m,b ey1 s ah0 s
no offense,n ow1,ah0 f eh1 n s
no stalk,n ow1,s t ao1 k
no u,n ow1,y uw1
no,n ow1
noah,n ow1 ah0
nom nom nom,n aa1 m,n aa1 m,n aa1 m
nork,n ao1 r k
northwest nap,n ao2 r th w eh1 s t,n ae1 p
norway,n ao1 r w ey2
nub,n ah1 b
nut,n ah1 t
nuts to butts,n ah1 t s,t uw1,b ah1 t s
nuts,n ah1 t s
nymphomaniac,n ih2 m f ow0 m ey1 n iy0 ae2 k
o face,ow1,f ey1 s
o,ow1
oakland,ow1 k l ah0 n d
oasis,ow0 ey1 s ih0 s
obese,ow0 b iy1 s
oblivion,ah0 b l ih1 v iy0 ah0 n
octavio,aa2 k t ey1 v iy0 ow0
ofc,ow1 eh1 f s iy1
office hands,ao1 f ah0 s,hh ae1 n d z
office space,ao1 f ah0 s,s p ey1 s
og,aa1 g
oi,oy1
oj simpson,ow1 jh ey1,s ih1 m p s ah0 n
old fashioned,ow1 l d,f ae1 sh ah0 n d
old greg,ow1 l d,g r eh1 g
old school,ow1 l d,s k uw1 l
old soul,ow1 l d,s ow1 l
omega male,ow0 m eh1 g ah0,m ey1 l
one piece,w ah1 n,p iy1 s
one time,w ah1 n,t ay1 m
one upper,w ah1 n,ah1 p er0
one,w ah1 n
ones and twos,w ah1 n z,ah0 n d,t uw1 z
op,aa1 p
opp,aa1 p
oprah,ow1 p r ah0
oral sex,ao1 r ah0 l,s eh1 k s
oral,ao1 r ah0 l
orange,ao1 r ah0 n jh
oregon,ao1 r ah0 g ah0 n
oreo,ao1 r iy0 ow0
orgasm,ao1 r g ae0 z ah0 m
orgy,ao1 r jh iy0
orly,ao1 r l iy0
osama,ow0 s aa1 m ah0
oscar bait,ao1 s k er0,b ey1 t
oscar mike,ao1 s k er0,m ay1 k
oscar,ao1 s k er0
ost,ow1 s t
otter,aa1 t er0
ounce,aw1 n s
outcast,aw1 t k ae2 s t
outlaw star,aw1 t l ao2,s t aa1 r
ova,ow1 v ah0
overrated,ow2 v er0 r ey1 t ih0 d
owen tate,ow1 ah0 n,t ey1 t
owen,ow1 ah0 n
owned,ow1 n d
oxendine,aa1 k s ih0 n d ay0 n
oy vey,oy1,v ey1
paige,p ey1 jh
palin,p ae1 l ih0 n
pamela,p ae1 m ah0 l ah0
parade maker,p er0 ey1 d,m ey1 k er0
paris hilton,p eh1 r ih0 s,hh ih1 l t ah0 n
parking karma,p aa1 r k ih0 ng,k aa1 r m ah0
party foul,p aa1 r t iy0,f aw1 l
party hats,p aa1 r t iy0,hh ae1 t s
party,p aa1 r t iy0
patrick,p ae1 t r ih0 k
paul,p ao1 l
peace,p iy1 s
pedophile,p eh1 d ow0 f ay0 l
pen you in,p eh1 n,y uw1,ih0 n
penetrate,p eh1 n ah0 t r ey2 t
penis,p iy1 n ih0 s
people voice,p iy1 p ah0 l,v oy1 s
perez hilton,p eh1 r eh0 z,hh ih1 l t ah0 n
period,p ih1 r iy0 ah0 d
pervert,p er1 v er0 t
peta,p iy1 t ah0
peter,p iy1 t er0
philadelphia,f ih2 l ah0 d eh1 l f iy0 ah0
phone grope,f ow1 n,g r ow1 p
pi time,p ay1,t ay1 m
pig,p ih1 g
pillow lust,p ih1 l ow0,l ah1 s t
pimp,p ih1 m p
pineapple,p ay1 n ae2 p ah0 l
pineapples,p ay1 n ae2 p ah0 l z
pink floyd,p ih1 ng k,f l oy1 d
pink sock,p ih1 ng k,s aa1 k
piss window,p ih1 s,w ih1 n d ow0
pissed out,p ih1 s t,aw1 t
pizza tumor,p iy1 t s ah0,t uw1 m er0
player,p l ey1 er0
please advise,p l iy1 z,ae0 d v ay1 z
poland,p ow1 l ah0 n d
police chase,p ah0 l iy1 s,ch ey1 s
police,p ah0 l iy1 s
poo,p uw1
poon,p uw1 n
poontang, uw1 n t ae1 ng
poop,p uw1 p
pooping,p uw1 p ih0 ng
poops,p uw1 p s
pop a squat,p aa1 p,ah0,s k w aa1 t
porch monkey,p ao1 r ch,m ah1 ng k iy0
porn moment,p ao1 r n,m ow1 m ah0 n t
porn storm,p ao1 r n,s t ao1 r m
porn,p ao1 r n
porno,p ao1 r n ow0
poser,p ow1 z er0
posse,p aa1 s iy0
pot,p aa1 t
prep,p r eh1 p
preppy,p r eh1 p iy0
pretext,p r iy1 t eh2 k s t
price point,p r ay1 s,p oy1 n t
prick,p r ih1 k
prude,p r uw1 d
psychic,s ay1 k ih0 k
psycho,s ay1 k ow0
puma,p uw1 m ah0
punk,p ah1 ng k
pussies,p uh1 s iy0 z
pussy whipped,p uh1 s iy0,w ih1 p t
pussy,p uh1 s iy0
quack,k w ae1 k
quake,k w ey1 k
quan,k w ao1 n
quark,k w aa1 r k
quarter water,k w ao1 r t er0,w ao1 t er0
quarter,k w ao1 r t er0
quarterback,k w ao1 r t er0 b ae2 k
quarters,k w ao1 r t er0 z
quebecois,k w eh1 b ah0 s w aa2
queen bee,k w iy1 n,b iy1
queen,k w iy1 n
queens,k w iy1 n z
queensland,k w iy1 n z l ae2 n d
queer as folk,k w ih1 r,ae1 z,f ow1 k
queer bait,k w ih1 r,b ey1 t
queer,k w ih1 r
quentin,k w eh1 n t ih0 n
question fart,k w eh1 s ch ah0 n,f aa1 r t
quiche,k iy1 sh
quick scope,k w ih1 k,s k ow1 p
quickie,k w ih1 k iy0
quicktime,k w ih1 k t ay2 m
quid pro quo,k w ih1 d,p r ow1,k w ow1
quid,k w ih1 d
quigley,k w ih1 g l iy0
quinn,k w ih1 n
quint,k w ih1 n t
quintin,k w ih1 n t ih0 n
quinton,k w ih0 n t ao1 n
quip,k w ih1 p
quirky,k w er1 k iy0
quitter,k w ih1 t er0
quixotic,k w ih0 k s aa1 t ih0 k
rachael,r ey1 ch ah0 l
rachel,r ey1 ch ah0 l
racism,r ey1 s ih2 z ah0 m
racist,r ey1 s ih0 s t
rad,r ae1 d
radar ass,r ey1 d aa2 r,ae1 s
rage,r ey1 jh
rainbow party,r ey1 n b ow2,p aa1 r t iy0
random,r ae1 n d ah0 m
randy,r ae1 n d iy0
rap,r ae1 p
rape,r ey1 p
raptor jesus,r ae1 p t er0,jh iy1 z ah0 s
rat man,r ae1 t,m ae1 n
rave,r ey1 v
raver,r ey1 v er0
reach around,r iy1 ch,er0 aw1 n d
rebel,r eh1 b ah0 l
rebound job,r iy0 b aw1 n d,jh aa1 b
rebound team,r iy0 b aw1 n d,t iy1 m
rectal piss,r eh1 k t ah0 l,p ih1 s
red wings,r eh1 d,w ih1 ng z
red,r eh1 d
redhead,r eh1 d hh eh2 d
redneck,r eh1 d n eh2 k
reefer,r iy1 f er0
reggie,r eh1 jh iy0
relationship,r iy0 l ey1 sh ah0 n sh ih2 p
religion,r ih0 l ih1 jh ah0 n
remote dance,r ih0 m ow1 t,d ae1 n s
renee,r ah0 n ey1
republican,r ih0 p ah1 b l ih0 k ah0 n
republicans,r ih0 p ah1 b l ih0 k ah0 n z
rescue chip,r eh1 s k y uw0,ch ih1 p
respect,r ih0 s p eh1 k t
retard,r ih0 t aa1 r d
richard,r ih1 ch er0 d
rick roll,r ih1 k,r ow1 l
rick rolled,r ih1 k,r ow1 l d
rick ross,r ih1 k,r aa1 s
rick santorum,r ih1 k,s ae0 n t ao1 r ah0 m
riding,r ay1 d ih0 ng
rim job,r ih1 m,jh aa1 b
rise against,r ay1 z,ah0 g eh1 n s t
rita,r iy1 t ah0
robert,r aa1 b er0 t
rock,r aa1 k
ron jeremy,r aa1 n,jh eh1 r ah0 m iy0
rub,r ah1 b
rugby,r ah1 g b iy0
running latte,r ah1 n ih0 ng,l aa1 t ey2
rush limbaugh,r ah1 sh,l ih1 m b ao2
rush,r ah1 sh
rusty trombone,r ah1 s t iy0,t r aa0 m b ow1 n
ryan,r ay1 ah0 n
samantha,s ah0 m ae1 n th ah0
san diego,s ae1 n,d iy0 ey1 g ow0
sand nigger,s ae1 n d,n ih1 g er0
santorum,s ae0 n t ao1 r ah0 m
satan,s ey1 t ah0 n
scene,s iy1 n
school,s k uw1 l
second life,s eh1 k ah0 n d,l ay1 f
sex,s eh1 k s
sexting,s eh1 k s t ih2 ng
sexy,s eh1 k s iy0
shelf esteem,sh eh1 l f,ah0 s t iy1 m
shirt mask,sh er1 t,m ae1 s k
shit,sh ih1 t
shits,sh ih1 t s
shitting,sh ih1 t ih0 ng
shocker,sh aa1 k er0
shopped,sh aa1 p t
shorty,sh ao1 r t iy0
shower tissue,sh aw1 er0,t ih1 s y uw2
skank, k ae1 n k
skanks, k ae1 n k s
skanky, k ae1 n k iy0 
skeet,s k iy1 t
slang,s l ae1 ng
sleep,s l iy1 p
slow burn,s l ow1,b er1 n
slut,s l ah1 t
sluts,s l ah1 t s
slutty,s l ah1 t iy2
snake juice,s n ey1 k,jh uw1 s
sniff test,s n ih1 f,t eh1 s t
snow hysteria,s n ow1,hh ih0 s t eh1 r iy0 ah0
soccer mom,s aa1 k er0,m aa1 m
soccer,s aa1 k er0
sodomy,s aa1 d ah0 m iy0
sofa king,s ow1 f ah0,k ih1 ng
song binging,s ao1 ng,b ih1 ng g ih0 ng
sore winner,s ao1 r,w ih1 n er0
south park,s aw1 th,p aa1 r k
spank bank,s p ae1 ng k,b ae1 ng k
spank,s p ae1 ng k
spanking,s p ae1 ng k ih0 ng
spicey edit,s p ay1 s iy0,eh1 d ah0 t
spiderman,s p ay1 d er0 m ae0 n
spit take,s p ih1 t,t ey1 k
spoiler alert,s p oy1 l er0,ah0 l er1 t
sport snob,s p ao1 r t,s n aa1 b
spot tease,s p aa1 t,t iy1 z
star wars,s t aa1 r,w ao1 r z
stealth abs,s t eh1 l th,ey1 b iy1 eh1 s
stellato,s t eh0 l aa1 t ow0
stiff,s t ih1 f
stoke,s t ow1 k
stoned,s t ow1 n d
stoner,s t ow1 n er0
straight edge,s t r ey1 t,eh1 jh
stress eater,s t r eh1 s,iy1 t er0
stripper,s t r ih1 p er0
strippers,s t r ih1 p er0 z
stroking,s t r ow1 k ih0 ng
sublime,s ah0 b l ay1 m
suicide,s uw1 ah0 s ay2 d
sup,s ah1 p
superbowl,s uw1 p er0 b ow2 l
superman,s uw1 p er0 m ah0 n
swagger,s w ae1 g er0
taco bell,t aa1 k ow0,b eh1 l
tag hag,t ae1 g,hh ae1 g
taint,t ey1 n t
tara,t eh1 r ah0
tattoo,t ae0 t uw1
taylor gang,t ey1 l er0,g ae1 ng
taylor,t ey1 l er0
tea bag,t iy1,b ae1 g
teacher,t iy1 ch er0
tease,t iy1 z
techno viking,t eh1 k n ow0,v ay1 k ih0 ng
teenager,t iy1 n ey2 jh er0
teeny bopper,t iy1 n iy0,b aa1 p er0
testicle,t eh1 s t ih0 k ah0 l
testicles,t eh1 s t ih0 k ah0 l z
texas,t eh1 k s ah0 s
thanksgiving,th ae2 ng k s g ih1 v ih0 ng
the shocker,dh ah0,sh aa1 k er0
thick,th ih1 k
third base,th er1 d,b ey1 s
thomas,t aa1 m ah0 s
thong,th ao1 ng
thrust,th r ah1 s t
thrusting,th r ah1 s t ih0 ng
thug life,th ah1 g,l ay1 f
tiffany,t ih1 f ah0 n iy0
tight,t ay1 t
tim,t ih1 m
time vampire,t ay1 m,v ae1 m p ay0 r
tit,t ih1 t
tits,t ih1 t s
toilet mummy,t oy1 l ah0 t,m ah1 m iy0
tom cruise,t aa1 m,k r uw1 z
tom,t aa1 m
tongue typo,t ah1 ng,t ay1 p ow0
tony danza,t ow1 n iy0,d ae1 n z ah0
tool,t uw1 l
tooth sweater,t uw1 th,s w eh1 t er0
toronto,t er0 aa1 n t ow0
touche,t uw1 sh
towel tango,t aw1 ah0 l,t ae1 ng g ow0
townie,t aw1 n iy0
trailer fraud,t r ey1 l er0,f r ao1 d
tramp stamp,t r ae1 m p,s t ae1 m p
tramp,t r ae1 m p
trance,t r ae1 n s
trap,t r ae1 p
trevor,t r eh1 v er0
trib,t r ih1 b
trick,t r ih1 k
trill,t r ih1 l
troll,t r ow1 l
truthiness,t r uw1 th iy2 n ah0 s
tupac,t uw1 p ao0 k
turbeville,t er1 b v ih0 l
tv stoned,t iy1 v iy1,s t ow1 n d
twitter bang,t w ih1 t er0,b ae1 ng
twitter,t w ih1 t er0
tyler,t ay1 l er0
uber micro,y uw1 b er0,m ay1 k r ow2
uber,y uw1 b er0
ugh,ah1 g
ugly,ah1 g l iy0
ukraine,y uw0 k r ey1 n
ukrainian,y uw0 k r ey1 n iy0 ah0 n
unangst,ao1 n ah0 ng s t
uncle fucker,ah1 ng k ah0 l,f ah1 k er0
uncle hank,ah1 ng k ah0 l,hh ae1 ng k
uncle jeff,ah1 ng k ah0 l,jh eh1 f
uncle tom,ah1 ng k ah0 l,t aa1 m
uncut,ah2 n k ah1 t
undefined,ah2 n d ih0 f ay1 n d
underground,ah1 n d er0 g r aw2 n d
underrated,ah0 n d er0 r ey1 t ih0 d
undertaker,ah1 n d er0 t ey2 k er0
unforgivable,ah2 n f ao0 r g ih1 v ah0 b ah0 l
union,y uw1 n y ah0 n
university,y uw2 n ah0 v er1 s ah0 t iy0
unix beard,y uw1 n ih0 k s,b ih1 r d
unofficial,ah2 n ah0 f ih1 sh ah0 l
up dog,ah1 p,d ao1 g
up the irons,ah1 p,dh ah0,ay1 er0 n z
up yours,ah1 p,y uh1 r z
update day,ah0 p d ey1 t,d ey1
upper deck,ah1 p er0,d eh1 k
upper decker,ah1 p er0,d eh1 k er0
ur mom,er1,m aa1 m
ur,er1
uranus,y uw1 r ah0 n ah0 s
urban amish,er1 b ah0 n,aa1 m ih0 sh
urban cougar,er1 b ah0 n,k uw1 g er0
urban dick,er1 b ah0 n,d ih1 k
urban farmer,er1 b ah0 n,f aa1 r m er0
urban,er1 b ah0 n
urine,y er1 ah0 n
urn yearning,er1 n,y er1 n ih0 ng
v card,v iy1,k aa1 r d
vagina,v ah0 jh ay1 n ah0
valentine,v ae1 l ah0 n t ay2 n
valeria,v ah0 l iy1 r iy0 ah0
valerie,v ae1 l er0 iy0
valley girl,v ae1 l iy0,g er1 l
vampire,v ae1 m p ay0 r
van halen,v ae1 n,hh ey1 l eh0 n
vanderbilt,v ae1 n d er0 b ih0 l t
vanessa,v ah0 n eh1 s ah0
vanilla face,v ah0 n ih1 l ah0,f ey1 s
vanilla ice,v ah0 n ih1 l ah0,ay1 s
vanilla,v ah0 n ih1 l ah0
vans,v ae1 n z
vegan,v eh1 g ah0 n
vegetarian,v eh2 jh ah0 t eh1 r iy0 ah0 n
velcro heads,v eh1 l k r ow0,hh eh1 d z
venezuela,v eh2 n ih0 z w ey1 l ah0
verga,v eh1 r g ah0
vermont,v er0 m aa1 n t
veronica mars,v er0 aa1 n ih0 k ah0,m aa1 r z
veronica,v er0 aa1 n ih0 k ah0
viagra,v iy0 ae1 g r ah0
vibrator,v ay1 b r ey0 t er0
vic fuentes,v ih1 k,f w eh1 n t ey2 z
vicky,v ih1 k iy0
victor,v ih1 k t er0
victoria,v ih0 k t ao1 r iy0 ah0
vida guerra,v ay1 d ah0,g w eh1 r ah0
video games,v ih1 d iy0 ow0,g ey1 m z
vietnam,v iy0 eh2 t n aa1 m
vietnamese,v iy0 eh0 t n aa0 m iy1 s
vig,v ih1 g
viking,v ay1 k ih0 ng
village idiot,v ih1 l ah0 jh,ih1 d iy0 ah0 t
vin diesel,v ih1 n,d iy1 s ah0 l
vincent,v ih1 n s ah0 n t
vinny,v ih1 n iy0
virgin,v er1 jh ih0 n
virginity,v er0 jh ih1 n ih0 t iy0
virgo,v er1 g ow0
virus,v ay1 r ah0 s
vista,v ih1 s t ah0
vitamin pee,v ay1 t ah0 m ah0 n,p iy1
vivian,v ih1 v iy0 ah0 n
vixen,v ih1 k s ih0 n
vodka,v aa1 d k ah0
volleyball,v aa1 l iy0 b ao2 l
vomit,v aa1 m ah0 t
voyeur,v oy2 y uw1 r
vulva,v uh1 l v ah0
wacking,w ae1 k ih0 ng
wacko jacko,w ae1 k ow0,jh ae1 k ow0
wake and bake,w ey1 k,ah0 n d,b ey1 k
wal mart,w ao1 l,m aa1 r t
walk blocker,w ao1 k,b l aa1 k er0
walk of shame,w ao1 k,ah1 v,sh ey1 m
wallflower,w ao1 l f l aw2 er0
walmart tax,w ao1 l m aa2 r t,t ae1 k s
walmart,w ao1 l m aa2 r t
wang,w ae1 ng
wank,w aa1 ng k
wannabe,w aa1 n ah0 b iy2
washington,w aa1 sh ih0 ng t ah0 n
wasp,w aa1 s p
wat,w ao1 t
watch this,w aa1 ch,dh ih1 s
water temple,w ao1 t er0,t eh1 m p ah0 l
water,w ao1 t er0
wayne brady,w ey1 n,b r ey1 d iy0
web glow,w eh1 b,g l ow1
weed,w iy1 d
weiner,w ay1 n er0
welfare,w eh1 l f eh2 r
wet dream,w eh1 t,d r iy1 m
wet pussy,w eh1 t,p uh1 s iy0
wet,w eh1 t
whack it off,w ae1 k,ih1 t,ao1 f
whack,w ae1 k
whale tail,w ey1 l,t ey1 l
whip,w ih1 p
whipped,w ih1 p t
whiskey dick,w ih1 s k iy0,d ih1 k
whore,hh ao1 r
whores,hh ao1 r z
wicked,w ih1 k ah0 d
wide stance,w ay1 d,s t ae1 n s
wife beater,w ay1 f,b iy1 t er0
wife,w ay1 f
wigger,w ih1 g er0
will,w ih1 l
william,w ih1 l y ah0 m
window licker,w ih1 n d ow0,l ih1 k er0
windows me,w ih1 n d ow0 z,m iy1
windows vista,w ih1 n d ow0 z,v ih1 s t ah0
windows,w ih1 n d ow0 z
wingman,w ih1 ng m ah0 n
wiper beat,w ay1 p er0,b iy1 t
wisconsin,w ih0 s k aa1 n s ah0 n
woman,w uh1 m ah0 n
womanizer,w uh1 m ah0 n ay2 z er0
women,w ih1 m ah0 n
wong,w ao1 ng
wood,w uh1 d
woody,w uh1 d iy0
wop,w aa1 p
work hot,w er1 k,hh aa1 t
work mouth,w er1 k,m aw1 th
work sandwich,w er1 k,s ae1 n d w ih0 ch
wow,w aw1
wrestling,r eh1 s l ih0 ng
yank,y ae1 ng k
yankee,y ae1 ng k iy0
yankees,y ae1 ng k iy0 z
yao ming,y aw1,m ih1 ng
yard ape,y aa1 r d,ey1 p
yard bomb,y aa1 r d,b aa1 m
yard sailing,y aa1 r d,s ey1 l ih0 ng
yasmin,y ae1 z m ih0 n
yawn pong,y ao1 n,p ao1 ng
yay area,y ey1,eh1 r iy0 ah0
yay,y ey1
yeah buddy,y ae1,b ah1 d iy0
yeah,y ae1
yee,y iy1
yes,y eh1 s
yoga pants,y ow1 g ah0,p ae1 n t s
yoked,y ow1 k t
yola,y ow1 l ah0
york,y ao1 r k
yorkshire,y ao1 r k sh er0
yorrick hunt,y ao1 r ih0 k,hh ah1 n t
yoshi,y ow1 sh iy0
young buck,y ah1 ng,b ah1 k
young money,y ah1 ng,m ah1 n iy0
young,y ah1 ng
youngstown,y ah1 ng z t aw2 n
your face,y ao1 r,f ey1 s
your gay,y ao1 r,g ey1
your mom,y ao1 r,m aa1 m
your mother,y ao1 r,m ah1 dh er0
your mum,y ao1 r,m ah1 m
yucky,y ah1 k iy0
yup,y ah1 p
yuppie,y ah1 p iy0
z job,z iy1,jh aa1 b
