the shawshank redemption,dh ah0,sh ao1 sh ae2 n k,r ih0 d eh1 m p sh ah0 n
the godfather,dh ah0,g aa1 d f aa2 dh er0
the dark knight,dh ah0,d aa1 r k,n ay1 t
pulp fiction,p ah1 l p,f ih1 k sh ah0 n
schindler's list,sh ih1 n d l er0 z,l ih1 s t
fight club,f ay1 t,k l ah1 b
inception,ih0 n s eh1 p sh ah0 n
one flew over the cuckoo's nest,w ah1 n,f l uw1,ow1 v er0,dh ah0,k uw1 k uw0 z,n eh1 s t
seven samurai,s eh1 v ah0 n,s ae1 m uh0 r ay2
goodfellas,g uh1 d f eh2 l ah0 z
star wars,s t aa1 r,w ao1 r z
forrest gump,f ao1 r ah0 s t,g ah1 m p
the matrix,dh ah0,m ey1 t r ih0 k s
city of god,s ih1 t iy0,ah1 v,g aa1 d
once upon a time in the west,w ah1 n s,ah0 p aa1 n,ah0,t ay1 m,ih0 n,dh ah0,w eh1 s t
casablanca,k ae2 s ah0 b l ae1 ng k ah0
the silence of the lambs,dh ah0,s ay1 l ah0 n s,ah1 v,dh ah0,l ae1 m z
the usual suspects,dh ah0,y uw1 zh ah0 w ah0 l,s ah0 s p eh1 k t s
it's a wonderful life,ih1 t s,ah0,w ah1 n d er0 f ah0 l,l ay1 f
rear window,r ih1 r,w ih1 n d ow0
raiders of the lost ark,r ey1 d er0 z,ah1 v,dh ah0,l ao1 s t,aa1 r k
psycho,s ay1 k ow0
city lights,s ih1 t iy0,l ay1 t s
american history x,ah0 m eh1 r ah0 k ah0 n,hh ih1 s t er0 iy0,eh1 k s
the dark knight rises,dh ah0,d aa1 r k,n ay1 t,r ay1 z ah0 z
apocalypse now,ah0 p aa1 k ah0 l ih2 p s,n aw1
modern times,m aa1 d er0 n,t ay1 m z
saving private ryan,s ey1 v ih0 ng,p r ay1 v ah0 t,r ay1 ah0 n
spirited away,s p ih1 r ih0 t ah0 d,ah0 w ey1
memento,m ih0 m eh1 n t ow0
alien,ey1 l iy0 ah0 n
life is beautiful,l ay1 f,ih1 z,b y uw1 t ah0 f ah0 l
north by northwest,n ao1 r th,b ay1,n ao2 r th w eh1 s t
m,eh1 m
paths of glory,p ae1 dh z,ah1 v,g l ao1 r iy0
back to the future,b ae1 k,t uw1,dh ah0,f y uw1 ch er0
the pianist,dh ah0,p iy0 ae1 n ah0 s t
double indemnity,d ah1 b ah0 l,ih0 n d eh1 m n ah0 t iy0
the departed,dh ah0,d ih0 p aa1 r t ah0 d
citizen kane,s ih1 t ah0 z ah0 n,k ey1 n
the shining,dh ah0,sh ay1 n ih0 ng
vertigo,v er1 t ih0 g ow2
gladiator,g l ae1 d iy0 ey2 t er0
the great dictator,dh ah0,g r ey1 t,d ih0 k t ey1 t er0
the green mile,dh ah0,g r iy1 n,m ay1 l
the lives of others,dh ah0,l ih1 v z,ah1 v,ah1 dh er0 z
aliens,ey1 l iy0 ah0 n z
american beauty,ah0 m eh1 r ah0 k ah0 n,b y uw1 t iy0
taxi driver,t ae1 k s iy0,d r ay1 v er0
the prestige,dh ah0,p r eh0 s t iy1 zh
cinema paradiso,s ih1 n ah0 m ah0,p er0 ah0 d iy1 s ow0
a separation,ah0,s eh2 p er0 ey1 sh ah0 n
lawrence of arabia,l ao1 r ah0 n s,ah1 v,ah0 r ey1 b iy0 ah0
a clockwork orange,ah0,k l aa1 k w er2 k,ao1 r ah0 n jh
to kill a mockingbird,t uw1,k ih1 l,ah0,m aa1 k ih0 ng b er2 d
das boot,d ae1 s,b uw1 t
the treasure of the sierra madre,dh ah0,t r eh1 zh er0,ah1 v,dh ah0,s iy0 eh1 r ah0,m aa1 d r ey2
the lion king,dh ah0,l ay1 ah0 n,k ih1 ng
the third man,dh ah0,th er1 d,m ae1 n
reservoir dogs,r eh1 z ah0 v w aa2 r,d aa1 g z
once upon a time in america,w ah1 n s,ah0 p aa1 n,ah0,t ay1 m,ih0 n,ah0 m eh1 r ah0 k ah0
requiem for a dream,r eh1 k w iy0 ah0 m,f ao1 r,ah0,d r iy1 m
bicycle thieves,b ay1 s ih0 k ah0 l,th iy1 v z
witness for the prosecution,w ih1 t n ah0 s,f ao1 r,dh ah0,p r aa2 s ah0 k y uw1 sh ah0 n
grave of the fireflies,g r ey1 v,ah1 v,dh ah0,f ay1 er0 f l ay2 z
eternal sunshine of the spotless mind,ih0 t er1 n ah0 l,s ah1 n sh ay2 n,ah1 v,dh ah0,s p aa1 t l ah0 s,m ay1 n d
braveheart,b r ey1 v hh aa0 r t
all about eve,ao1 l,ah0 b aw1 t,iy1 v
singin' in the rain,s ih1 ng ih0 n,ih0 n,dh ah0,r ey1 n
metropolis,m ah0 t r aa1 p ah0 l ah0 s
full metal jacket,f uh1 l,m eh1 t ah0 l,jh ae1 k ah0 t
monty python and the holy grail,m ao1 n t iy0,p ay1 th aa0 n,ah0 n d,dh ah0,hh ow1 l iy0,g r ey1 l
some like it hot,s ah1 m,l ay1 k,ih1 t,hh aa1 t
the apartment,dh ah0,ah0 p aa1 r t m ah0 n t
chinatown,ch ay1 n ah0 t aw2 n
amadeus,ae2 m ah0 d ey1 ah0 s
the sting,dh ah0,s t ih1 ng
like stars on earth,l ay1 k,s t aa1 r z,aa1 n,er1 th
unforgiven,ah2 n f ao0 r g ih1 v ah0 n
raging bull,r ey1 jh ih0 ng,b uh1 l
the bridge on the river kwai,dh ah0,b r ih1 jh,aa1 n,dh ah0,r ih1 v er0,k w ay1
mr. smith goes to washington,m ih1 s t er0,s m ih1 th,g ow1 z,t uw1,w aa1 sh ih0 ng t ah0 n
the general,dh ah0,jh eh1 n er0 ah0 l
batman begins,b ae1 t m ae2 n,b ih0 g ih1 n z
indiana jones and the last crusade,ih2 n d iy0 ae1 n ah0,jh ow1 n z,ah0 n d,dh ah0,l ae1 s t,k r uw0 s ey1 d
the kid,dh ah0,k ih1 d
on the waterfront,aa1 n,dh ah0,w ao1 t er0 f r ah2 n t
for a few dollars more,f ao1 r,ah0,f y uw1,d aa1 l er0 z,m ao1 r
die hard,d ay1,hh aa1 r d
the great escape,dh ah0,g r ey1 t,ih0 s k ey1 p
the seventh seal,dh ah0,s eh1 v ah0 n th,s iy1 l
wild strawberries,w ay1 l d,s t r ao1 b eh2 r iy0 z
downfall,d aw1 n f ao2 l
up,ah1 p
pan's labyrinth,p ae1 n z,l ae1 b er0 ih2 n th
toy story,t oy1,s t ao1 r iy0
the maltese falcon,dh ah0,m ao0 l t iy1 z,f ae1 l k ah0 n
rebecca,r ah0 b eh1 k ah0
the elephant man,dh ah0,eh1 l ah0 f ah0 n t,m ae1 n
heat,hh iy1 t
ran,r ae1 n
blade runner,b l ey1 d,r ah1 n er0
scarface,s k aa1 r f ey2 s
the gold rush,dh ah0,g ow1 l d,r ah1 sh
touch of evil,t ah1 ch,ah1 v,iy1 v ah0 l
gran torino,g r ae1 n,t ao0 r iy1 n ow0
the hunt,dh ah0,hh ah1 n t
it happened one night,ih1 t,hh ae1 p ah0 n d,w ah1 n,n ay1 t
cool hand luke,k uw1 l,hh ae1 n d,l uw1 k
fargo,f aa1 r g ow2
the deer hunter,dh ah0,d ih1 r,hh ah1 n t er0
warrior,w ao1 r iy0 er0
the secret in their eyes,dh ah0,s iy1 k r ah0 t,ih0 n,dh eh1 r,ay1 z
the grapes of wrath,dh ah0,g r ey1 p s,ah1 v,r ae1 th
the best years of our lives,dh ah0,b eh1 s t,y ih1 r z,ah1 v,aw1 er0,l ih1 v z
strangers on a train,s t r ey1 n jh er0 z,aa1 n,ah0,t r ey1 n
gone with the wind,g ao1 n,w ih1 dh,dh ah0,w ay1 n d
good will hunting,g uh1 d,w ih1 l,hh ah1 n t ih0 ng
high noon,hh ay1,n uw1 n
casino,k ah0 s iy1 n ow0
v for vendetta,v iy1,f ao1 r,v eh0 n d eh1 t ah0
no country for old men,n ow1,k ah1 n t r iy0,f ao1 r,ow1 l d,m eh1 n
sin city,s ih1 n,s ih1 t iy0
butch cassidy and the sundance kid,b uh1 ch,k ae1 s ih0 d iy0,ah0 n d,dh ah0,s ah1 n d ae2 n s,k ih1 d
the thing,dh ah0,th ih1 ng
notorious,n ow0 t ao1 r iy0 ah0 s
the wizard of oz,dh ah0,w ih1 z er0 d,ah1 v,aa1 z
hotel rwanda,hh ow0 t eh1 l,r ah0 w aa1 n d ah0
platoon,p l ah0 t uw1 n
the sixth sense,dh ah0,s ih1 k s th,s eh1 n s
annie hall,ae1 n iy0,hh ao1 l
jaws,jh ao1 z
the night of the hunter,dh ah0,n ay1 t,ah1 v,dh ah0,hh ah1 n t er0
into the wild,ih0 n t uw1,dh ah0,w ay1 l d
how to train your dragon,hh aw1,t uw1,t r ey1 n,y ao1 r,d r ae1 g ah0 n
dial m for murder,d ay1 ah0 l,eh1 m,f ao1 r,m er1 d er0
the big sleep,dh ah0,b ih1 g,s l iy1 p
persona,p er0 s ow1 n ah0
finding nemo,f ay1 n d ih0 ng,n eh1 m ow0
network,n eh1 t w er2 k
mary and max,m eh1 r iy0,ah0 n d,m ae1 k s
life of brian,l ay1 f,ah1 v,b r ay1 ah0 n
there will be blood,dh eh1 r,w ih1 l,b iy1,b l ah1 d
stand by me,s t ae1 n d,b ay1,m iy1
million dollar baby,m ih1 l y ah0 n,d aa1 l er0,b ey1 b iy0
the king's speech,dh ah0,k ih1 ng z,s p iy1 ch
la strada,l aa1,s t r aa1 d ah0
the killing,dh ah0,k ih1 l ih0 ng
the princess bride,dh ah0,p r ih1 n s eh0 s,b r ay1 d
the terminator,dh ah0,t er1 m ah0 n ey2 t er0
gandhi,g aa1 n d iy0
stalker,s t ao1 k er0
groundhog day,g r aw1 n d hh aa2 g,d ey1
fanny and alexander,f ae1 n iy0,ah0 n d,ae2 l ah0 g z ae1 n d er0
dog day afternoon,d ao1 g,d ey1,ae2 f t er0 n uw1 n
the bourne ultimatum,dh ah0,b ao1 r n,ah2 l t ah0 m ey1 t ah0 m
twelve monkeys,t w eh1 l v,m ah1 ng k iy0 z
a beautiful mind,ah0,b y uw1 t ah0 f ah0 l,m ay1 n d
the hustler,dh ah0,hh ah1 s ah0 l er0
anatomy of a murder,ah0 n ae1 t ah0 m iy0,ah1 v,ah0,m er1 d er0
memories of murder,m eh1 m er0 iy0 z,ah1 v,m er1 d er0
the graduate,dh ah0,g r ae1 jh ah0 w ah0 t
sleuth,s l uw1 th
barry lyndon,b ae1 r iy0,l ih1 n d ah0 n
black swan,b l ae1 k,s w aa1 n
infernal affairs,ih0 n f er1 n ah0 l,ah0 f eh1 r z
the wild bunch,dh ah0,w ay1 l d,b ah1 n ch
in the name of the father,ih0 n,dh ah0,n ey1 m,ah1 v,dh ah0,f aa1 dh er0
life of pi,l ay1 f,ah1 v,p ay1
rocky,r aa1 k iy0
roman holiday,r ow1 m ah0 n,hh aa1 l ah0 d ey2
ip man,ih1 p,m ae1 n
my sassy girl,m ay1,s ae1 s iy0,g er1 l
rope,r ow1 p
the perks of being a wallflower,dh ah0,p er1 k s,ah1 v,b iy1 ih0 ng,ah0,w ao1 l f l aw2 er0
underground,ah1 n d er0 g r aw2 n d
the celebration,dh ah0,s eh2 l ah0 b r ey1 sh ah0 n
all quiet on the western front,ao1 l,k w ay1 ah0 t,aa1 n,dh ah0,w eh1 s t er0 n,f r ah1 n t
the exorcist,dh ah0,eh1 k s er0 s ah0 s t
harvey,hh aa1 r v iy0
la dolce vita,l aa1,d ow1 l ch ey2,v ay1 t ah0
a streetcar named desire,ah0,s t r iy1 t k aa2 r,n ey1 m d,d ih0 z ay1 er0
in the mood for love,ih0 n,dh ah0,m uw1 d,f ao1 r,l ah1 v
battleship potemkin,b ae1 t ah0 l sh ih2 p,p ah0 t eh1 m k ih0 n
bringing up baby,b r ih1 ng ih0 ng,ah1 p,b ey1 b iy0
star trek,s t aa1 r,t r eh1 k
castle in the sky,k ae1 s ah0 l,ih0 n,dh ah0,s k ay1
rio bravo,r iy1 ow0,b r aa1 v ow0
a fistful of dollars,ah0,f ih1 s t f ah0 l,ah1 v,d aa1 l er0 z
the diving bell and the butterfly,dh ah0,d ay1 v ih0 ng,b eh1 l,ah0 n d,dh ah0,b ah1 t er0 f l ay2
the philadelphia story,dh ah0,f ih2 l ah0 d eh1 l f iy0 ah0,s t ao1 r iy0
the help,dh ah0,hh eh1 l p
his girl friday,hh ih1 z,g er1 l,f r ay1 d iy0
arsenic and old lace,aa1 r s ah0 n ih0 k,ah0 n d,ow1 l d,l ey1 s
the truman show,dh ah0,t r uw1 m ah0 n,sh ow1
shutter island,sh ah1 t er0,ay1 l ah0 n d
the artist,dh ah0,aa1 r t ah0 s t
jurassic park,jh uh0 r ae1 s ih0 k,p aa1 r k
before sunrise,b ih0 f ao1 r,s ah1 n r ay2 z
a christmas story,ah0,k r ih1 s m ah0 s,s t ao1 r iy0
shadow of a doubt,sh ae1 d ow2,ah1 v,ah0,d aw1 t
in the heat of the night,ih0 n,dh ah0,hh iy1 t,ah1 v,dh ah0,n ay1 t
duck soup,d ah1 k,s uw1 p
beauty and the beast,b y uw1 t iy0,ah0 n d,dh ah0,b iy1 s t
the searchers,dh ah0,s er1 ch er0 z
solaris,s ow0 l eh1 r ih0 s
patton,p ae1 t ah0 n
charade,sh er0 ey1 d
frankenstein,f r ae1 ng k ah0 n s t ay2 n
the adventures of robin hood,dh ah0,ae0 d v eh1 n ch er0 z,ah1 v,r aa1 b ah0 n,hh uh1 d
the lady vanishes,dh ah0,l ey1 d iy0,v ae1 n ih0 sh ih0 z
rain man,r ey1 n,m ae1 n
manhattan,m ae0 n hh ae1 t ah0 n
the nightmare before christmas,dh ah0,n ay1 t m eh2 r,b ih0 f ao1 r,k r ih1 s m ah0 s
king kong,k ih1 ng,k ao1 ng
all the president's men,ao1 l,dh ah0,p r eh1 z ih0 d ah0 n t s,m eh1 n
harold and maude,hh eh1 r ah0 l d,ah0 n d,m ao1 d
the sea inside,dh ah0,s iy1,ih0 n s ay1 d
big fish,b ih1 g,f ih1 sh
magnolia,m ae0 g n ow1 l y ah0
before sunset,b ih0 f ao1 r,s ah1 n s eh2 t
shaun of the dead,sh ao1 n,ah1 v,dh ah0,d eh1 d
dawn of the dead,d ao1 n,ah1 v,dh ah0,d eh1 d
young frankenstein,y ah1 ng,f r ae1 ng k ah0 n s t ay2 n
let the right one in,l eh1 t,dh ah0,r ay1 t,w ah1 n,ih0 n
the straight story,dh ah0,s t r ey1 t,s t ao1 r iy0
mystic river,m ih1 s t ih0 k,r ih1 v er0
night of the living dead,n ay1 t,ah1 v,dh ah0,l ih1 v ih0 ng,d eh1 d
the untouchables,dh ah0,ah0 n t ah1 ch ah0 b ah0 l z
spartacus,s p aa1 r t ah0 k ah0 s
the conversation,dh ah0,k aa2 n v er0 s ey1 sh ah0 n
planet of the apes,p l ae1 n ah0 t,ah1 v,dh ah0,ey1 p s
blood diamond,b l ah1 d,d ay1 m ah0 n d
dances with wolves,d ae1 n s ah0 z,w ih1 dh,w uh1 l v z
being there,b iy1 ih0 ng,dh eh1 r
sling blade,s l ih1 ng,b l ey1 d
doctor zhivago,d aa1 k t er0,zh ih0 v aa1 g ow0
wings of desire,w ih1 ng z,ah1 v,d ih0 z ay1 er0
the african queen,dh ah0,ae1 f r ah0 k ah0 n,k w iy1 n
the wrestler,dh ah0,r eh1 s ah0 l er0
bonnie and clyde,b aa1 n iy0,ah0 n d,k l ay1 d
brazil,b r ah0 z ih1 l
crimes and misdemeanors,k r ay1 m z,ah0 n d,m ih2 s d ah0 m iy1 n er0 z
elite squad,ih0 l iy1 t,s k w aa1 d
ed wood,eh1 d,w uh1 d
akira,ah0 k iy1 r ah0
star trek into darkness,s t aa1 r,t r eh1 k,ih0 n t uw1,d aa1 r k n ah0 s
this is spinal tap,dh ih1 s,ih1 z,s p ay1 n ah0 l,t ae1 p
moon,m uw1 n
talk to her,t ao1 k,t uw1,hh er0
in bruges,ih0 n,b r uw1 jh ih0 z
avatar,ae1 v ah0 t aa2 r
persepolis,p er0 s eh1 p ah0 l ah0 s
midnight cowboy,m ih1 d n ay2 t,k aw1 b oy2
letters from iwo jima,l eh1 t er0 z,f r ah1 m,ay1 w ow0,jh iy1 m ah0
mulholland dr.,m ah2 l hh aa1 l ah0 n d,d r ay1 v
casino royale,k ah0 s iy1 n ow0,r oy0 ae1 l
true romance,t r uw1,r ow0 m ae1 n s
children of men,ch ih1 l d r ah0 n,ah1 v,m eh1 n
no man's land,n ow1,m ae1 n z,l ae1 n d
days of heaven,d ey1 z,ah1 v,hh eh1 v ah0 n
a prophet,ah0,p r aa1 f ah0 t
cinderella man,s ih2 n d er0 eh1 l ah0,m ae1 n
the man who would be king,dh ah0,m ae1 n,hh uw1,w uh1 d,b iy1,k ih1 ng
the insider,dh ah0,ih0 n s ay1 d er0
catch me if you can,k ae1 ch,m iy1,ih1 f,y uw1,k ae1 n
aladdin,ah0 l ae1 d ih0 n
miller's crossing,m ih1 l er0 z,k r ao1 s ih0 ng
hero,hh ih1 r ow0
breathless,b r eh1 th l ah0 s
the breakfast club,dh ah0,b r eh1 k f ah0 s t,k l ah1 b
the killing fields,dh ah0,k ih1 l ih0 ng,f iy1 l d z
the blues brothers,dh ah0,b l uw1 z,b r ah1 dh er0 z
the man from earth,dh ah0,m ae1 n,f r ah1 m,er1 th
almost famous,ao1 l m ow2 s t,f ey1 m ah0 s
iron man,ay1 er0 n,m ae1 n
glory,g l ao1 r iy0
crash,k r ae1 sh
badlands,b ae1 d l ae2 n d z
serenity,s er0 eh1 n ah0 t iy0
the fighter,dh ah0,f ay1 t er0
hannah and her sisters,hh ae1 n ah0,ah0 n d,hh er0,s ih1 s t er0 z
the notebook,dh ah0,n ow1 t b uh2 k
the remains of the day,dh ah0,r ih0 m ey1 n z,ah1 v,dh ah0,d ey1
halloween,hh ae2 l ah0 w iy1 n
the bourne identity,dh ah0,b ao1 r n,ay0 d eh1 n t ah0 t iy0
once,w ah1 n s
drive,d r ay1 v
silver linings playbook,s ih1 l v er0,l ay1 n ih0 ng z,p l ey1 b uh0 k
little miss sunshine,l ih1 t ah0 l,m ih1 s,s ah1 n sh ay2 n
the sound of music,dh ah0,s aw1 n d,ah1 v,m y uw1 z ih0 k
dead poets society,d eh1 d,p ow1 ah0 t s,s ah0 s ay1 ah0 t iy0
the killer,dh ah0,k ih1 l er0
the girl with the dragon tattoo,dh ah0,g er1 l,w ih1 dh,dh ah0,d r ae1 g ah0 n,t ae0 t uw1
argo,aa1 r g ow0
carlito's way,k aa0 r l iy1 t ow0 z,w ey1
the french connection,dh ah0,f r eh1 n ch,k ah0 n eh1 k sh ah0 n
taken,t ey1 k ah0 n
the day the earth stood still,dh ah0,d ey1,dh ah0,er1 th,s t uh1 d,s t ih1 l
the right stuff,dh ah0,r ay1 t,s t ah1 f
the iron giant,dh ah0,ay1 er0 n,jh ay1 ah0 n t
hot fuzz,hh aa1 t,f ah1 z
hard boiled,hh aa1 r d,b oy1 l d
the outlaw josey wales,dh ah0,aw1 t l ao2,jh ow1 z iy0,w ey1 l z
glengarry glen ross,g l eh2 n g eh1 r iy0,g l eh1 n,r aa1 s
boogie nights,b uw1 g iy0,n ay1 t s
the social network,dh ah0,s ow1 sh ah0 l,n eh1 t w er2 k
ghost in the shell,g ow1 s t,ih0 n,dh ah0,sh eh1 l
walk the line,w ao1 k,dh ah0,l ay1 n
predator,p r eh1 d ah0 t er0
rebel without a cause,r eh1 b ah0 l,w ih0 th aw1 t,ah0,k aa1 z
my fair lady,m ay1,f eh1 r,l ey1 d iy0
all about my mother,ao1 l,ah0 b aw1 t,m ay1,m ah1 dh er0
dancer in the dark,d ae1 n s er0,ih0 n,dh ah0,d aa1 r k
the birds,dh ah0,b er1 d z
scent of a woman,s eh1 n t,ah1 v,ah0,w uh1 m ah0 n
dirty harry,d er1 t iy0,hh eh1 r iy0
black book,b l ae1 k,b uh1 k
the ten commandments,dh ah0,t eh1 n,k ah0 m ae1 n d m ah0 n t s
office space,ao1 f ah0 s,s p ey1 s
do the right thing,d uw1,dh ah0,r ay1 t,th ih1 ng
the magnificent seven,dh ah0,m ae0 g n ih1 f ah0 s ah0 n t,s eh1 v ah0 n
pink floyd the wall,p ih1 ng k,f l oy1 d,dh ah0,w ao1 l
deliverance,d ih0 l ih1 v er0 ah0 n s
misery,m ih1 z er0 iy0
the dirty dozen,dh ah0,d er1 t iy0,d ah1 z ah0 n
the girl with the dragon tattoo,dh ah0,g er1 l,w ih1 dh,dh ah0,d r ae1 g ah0 n,t ae0 t uw1
the hangover,dh ah0,hh ae1 ng ow2 v er0
the fall,dh ah0,f ao1 l
the curious case of benjamin button,dh ah0,k y uh1 r iy0 ah0 s,k ey1 s,ah1 v,b eh1 n jh ah0 m ah0 n,b ah1 t ah0 n
my left foot,m ay1,l eh1 f t,f uh1 t
goldfinger,g ow1 l d f ih2 ng g er0
run lola run,r ah1 n,l ow1 l ah0,r ah1 n
fantasia,f ae0 n t ey1 zh ah0
american gangster,ah0 m eh1 r ah0 k ah0 n,g ae1 ng s t er0
ghostbusters,g ow1 s t b ah2 s t er0 z
blue velvet,b l uw1,v eh1 l v ah0 t
mr. nobody,m ih1 s t er0,n ow1 b aa2 d iy2
the world's fastest indian,dh ah0,w er1 l d z,f ae1 s t ah0 s t,ih1 n d iy0 ah0 n
the fugitive,dh ah0,f y uw1 jh ah0 t ih0 v
tangled,t ae1 ng g ah0 l d
being john malkovich,b iy1 ih0 ng,jh aa1 n,m ao1 l k ah0 v ih0 ch
breaking the waves,b r ey1 k ih0 ng,dh ah0,w ey1 v z
lost in translation,l ao1 s t,ih0 n,t r ae0 n z l ey1 sh ah0 n
battle royale,b ae1 t ah0 l,r oy0 ae1 l
mississippi burning,m ih2 s ih0 s ih1 p iy0,b er1 n ih0 ng
the last emperor,dh ah0,l ae1 s t,eh1 m p er0 er0
i saw the devil,ay1,s ao1,dh ah0,d eh1 v ah0 l
ordinary people,ao1 r d ah0 n eh2 r iy0,p iy1 p ah0 l
snow white and the seven dwarfs,s n ow1,w ay1 t,ah0 n d,dh ah0,s eh1 v ah0 n,d w ao1 r f s
the motorcycle diaries,dh ah0,m ow1 t er0 s ay2 k ah0 l,d ay1 er0 iy0 z
serpico,s er0 p iy1 k ow0
open your eyes,ow1 p ah0 n,y ao1 r,ay1 z
the experiment,dh ah0,ih0 k s p eh1 r ah0 m ah0 n t
fantastic mr. fox,f ae0 n t ae1 s t ih0 k,m ih1 s t er0,f aa1 k s
breakfast at tiffany's,b r eh1 k f ah0 s t,ae1 t,t ih1 f ah0 n iy0 z
donnie brasco,d aa1 n iy0,b r ae1 s k ow0
atonement,ah0 t ow1 n m ah0 n t
the white ribbon,dh ah0,w ay1 t,r ih1 b ah0 n
the longest day,dh ah0,l ao1 ng g ah0 s t,d ey1
the last of the mohicans,dh ah0,l ae1 s t,ah1 v,dh ah0,m ow2 hh iy1 k ah0 n z
the boy in the striped pajamas,dh ah0,b oy1,ih0 n,dh ah0,s t r ay1 p t,p ah0 jh aa1 m ah0 z
dark city,d aa1 r k,s ih1 t iy0
the chorus,dh ah0,k ao1 r ah0 s
as good as it gets,ae1 z,g uh1 d,ae1 z,ih1 t,g eh1 t s
close encounters of the third kind,k l ow1 s,ih0 n k aw1 n t er0 z,ah1 v,dh ah0,th er1 d,k ay1 n d
finding neverland,f ay1 n d ih0 ng,n eh1 v er0 l ae0 n d
the machinist,dh ah0,m ah0 sh iy1 n ah0 s t
true grit,t r uw1,g r ih1 t
porco rosso,p ao1 r k ow0,r ow1 s ow0
the game,dh ah0,g ey1 m
gone baby gone,g ao1 n,b ey1 b iy0,g ao1 n
the triplets of belleville,dh ah0,t r ih1 p l ah0 t s,ah1 v,b ah0 l v ih1 l
cabaret,k ae2 b er0 ey1
the name of the rose,dh ah0,n ey1 m,ah1 v,dh ah0,r ow1 z
in america,ih0 n,ah0 m eh1 r ah0 k ah0
tombstone,t uw1 m s t ow2 n
happiness,hh ae1 p iy0 n ah0 s
lucky number slevin,l ah1 k iy0,n ah1 m b er0,s l eh1 v ih0 n
the station agent,dh ah0,s t ey1 sh ah0 n,ey1 jh ah0 n t
empire of the sun,eh1 m p ay0 er0,ah1 v,dh ah0,s ah1 n
the bourne supremacy,dh ah0,b ao1 r n,s ah0 p r eh1 m ah0 s iy0
sabrina,s ah0 b r iy1 n ah0
delicatessen,d eh2 l ih0 k ah0 t eh1 s ah0 n
what's eating gilbert grape,w ah1 t s,iy1 t ih0 ng,g ih1 l b er0 t,g r ey1 p
the last king of scotland,dh ah0,l ae1 s t,k ih1 ng,ah1 v,s k aa1 t l ah0 n d
ocean's eleven,ow1 sh ah0 n z,ih0 l eh1 v ah0 n
blazing saddles,b l ey1 z ih0 ng,s ae1 d ah0 l z
barton fink,b aa1 r t ah0 n,f ih1 ng k
the conjuring,dh ah0,k aa1 n jh er0 ih0 ng
sympathy for mr. vengeance,s ih1 m p ah0 th iy0,f ao1 r,m ih1 s t er0,v eh1 n jh ah0 n s
match point,m ae1 ch,p oy1 n t
a very long engagement,ah0,v eh1 r iy0,l ao1 ng,eh0 n g ey1 jh m ah0 n t
eastern promises,iy1 s t er0 n,p r aa1 m ah0 s ah0 z
love actually,l ah1 v,ae1 k ch uw2 ah0 l iy0
stardust,s t aa1 r d ah2 s t
kung fu hustle,k ah1 ng,f uw1,hh ah1 s ah0 l
mysterious skin,m ih0 s t ih1 r iy0 ah0 s,s k ih1 n
boyz n the hood,b oy1 z,eh1 n,dh ah0,hh uh1 d
midnight in paris,m ih1 d n ay2 t,ih0 n,p eh1 r ih0 s
black hawk down,b l ae1 k,hh ao1 k,d aw1 n
lolita,l ow0 l iy1 t ah0
the visitor,dh ah0,v ih1 z ah0 t er0
zodiac,z ow1 d iy0 ae2 k
ray,r ey1
man on fire,m ae1 n,aa1 n,f ay1 er0
short cuts,sh ao1 r t,k ah1 t s
the last samurai,dh ah0,l ae1 s t,s ae1 m uh0 r ay2
dead man's shoes,d eh1 d,m ae1 n z,sh uw1 z
a bronx tale,ah0,b r aa1 ng k s,t ey1 l
this is england,dh ih1 s,ih1 z,ih1 ng g l ah0 n d
october sky,aa0 k t ow1 b er0,s k ay1
the king of comedy,dh ah0,k ih1 ng,ah1 v,k aa1 m ah0 d iy0
boy a,b oy1,ah0
mary poppins,m eh1 r iy0,p aa1 p ih0 n z
kiss kiss bang bang,k ih1 s,k ih1 s,b ae1 ng,b ae1 ng
control,k ah0 n t r ow1 l
rushmore,r ah1 sh m ao0 r
minority report,m ay0 n ao1 r ah0 t iy0,r iy0 p ao1 r t
who framed roger rabbit,hh uw1,f r ey1 m d,r aa1 jh er0,r ae1 b ah0 t
the hurt locker,dh ah0,hh er1 t,l aa1 k er0
the butterfly effect,dh ah0,b ah1 t er0 f l ay2,ih0 f eh1 k t
the player,dh ah0,p l ey1 er0
coraline,k ao1 r ah0 l ay2 n
traffic,t r ae1 f ih0 k
thank you for smoking,th ae1 ng k,y uw1,f ao1 r,s m ow1 k ih0 ng
les miserables,l eh1 s,m ih1 z er0 ah0 b ah0 l z
mash,m ae1 sh
saw,s ao1
inside man,ih0 n s ay1 d,m ae1 n
training day,t r ey1 n ih0 ng,d ey1
fear and loathing in las vegas,f ih1 r,ah0 n d,l ow1 th ih0 ng,ih0 n,l aa1 s,v ey1 g ah0 s
dead man,d eh1 d,m ae1 n
the wicker man,dh ah0,w ih1 k er0,m ae1 n
stranger than fiction,s t r ey1 n jh er0,dh ae1 n,f ih1 k sh ah0 n
night on earth,n ay1 t,aa1 n,er1 th
little children,l ih1 t ah0 l,ch ih1 l d r ah0 n
munich,m y uw1 n ih0 k
the color purple,dh ah0,k ah1 l er0,p er1 p ah0 l
the producers,dh ah0,p r ah0 d uw1 s er0 z
milk,m ih1 l k
the blind side,dh ah0,b l ay1 n d,s ay1 d
a fish called wanda,ah0,f ih1 sh,k ao1 l d,w aa1 n d ah0
philadelphia,f ih2 l ah0 d eh1 l f iy0 ah0
titanic,t ay0 t ae1 n ih0 k
malcolm x,m ae1 l k ah0 m,eh1 k s
midnight express,m ih1 d n ay2 t,ih0 k s p r eh1 s
lethal weapon,l iy1 th ah0 l,w eh1 p ah0 n
paprika,p ae0 p r iy1 k ah0
show me love,sh ow1,m iy1,l ah1 v
watchmen,w aa1 ch m eh0 n
hugo,hh y uw1 g ow0
where eagles dare,w eh1 r,iy1 g ah0 l z,d eh1 r
sense and sensibility,s eh1 n s,ah0 n d,s eh2 n s ih0 b ih1 l ih0 t iy0
the city of lost children,dh ah0,s ih1 t iy0,ah1 v,l ao1 s t,ch ih1 l d r ah0 n
enter the dragon,eh1 n t er0,dh ah0,d r ae1 g ah0 n
juno,jh uw1 n ow0
primal fear,p r ay1 m ah0 l,f ih1 r
cast away,k ae1 s t,ah0 w ey1
the warriors,dh ah0,w ao1 r iy0 er0 z
lady vengeance,l ey1 d iy0,v eh1 n jh ah0 n s
monsters university,m aa1 n s t er0 z,y uw2 n ah0 v er1 s ah0 t iy0
the jungle book,dh ah0,jh ah1 ng g ah0 l,b uh1 k
man of steel,m ae1 n,ah1 v,s t iy1 l
despicable me,d ih0 s p ih1 k ah0 b ah0 l,m iy1
end of watch,eh1 n d,ah1 v,w aa1 ch
the others,dh ah0,ah1 dh er0 z
detachment,d ih0 t ae1 ch m ah0 n t
remember the titans,r ih0 m eh1 m b er0,dh ah0,t ay1 t ah0 n z
the illusionist,dh ah0,ih0 l uw1 zh ah0 n ah0 s t
pinocchio,p ih0 n ow1 k iy0 ow0
dangerous liaisons,d ey1 n jh er0 ah0 s,l iy0 ey1 s aa2 n z
collateral,k ah0 l ae1 t er0 ah0 l
sideways,s ay1 d w ey2 z
lord of war,l ao1 r d,ah1 v,w ao1 r
fearless,f ih1 r l ah0 s
the count of monte cristo,dh ah0,k aw1 n t,ah1 v,m aa1 n t iy0,k r ih1 s t ow2
billy elliot,b ih1 l iy0,eh1 l iy0 ah0 t
dazed and confused,d ey1 z d,ah0 n d,k ah0 n f y uw1 z d
kung fu panda,k ah1 ng,f uw1,p ae1 n d ah0
cloud atlas,k l aw1 d,ae1 t l ah0 s
house of sand and fog,hh aw1 s,ah1 v,s ae1 n d,ah0 n d,f aa1 g
first blood,f er1 s t,b l ah1 d
shine,sh ay1 n
the thin red line,dh ah0,th ih1 n,r eh1 d,l ay1 n
west side story,w eh1 s t,s ay1 d,s t ao1 r iy0
the fifth element,dh ah0,f ih1 f th,eh1 l ah0 m ah0 n t
indiana jones and the temple of doom,ih2 n d iy0 ae1 n ah0,jh ow1 n z,ah0 n d,dh ah0,t eh1 m p ah0 l,ah1 v,d uw1 m
escape from alcatraz,ih0 s k ey1 p,f r ah1 m,ae2 l k ah0 t r ae1 z
the town,dh ah0,t aw1 n
pacific rim,p ah0 s ih1 f ih0 k,r ih1 m
the skin i live in,dh ah0,s k ih1 n,ay1,l ay1 v,ih0 n
the kite runner,dh ah0,k ay1 t,r ah1 n er0
the counterfeiters,dh ah0,k aw1 n t er0 f ih2 t er0 z
funny games,f ah1 n iy0,g ey1 m z
the man who wasn't there,dh ah0,m ae1 n,hh uw1,w aa1 z ah0 n t,dh eh1 r
love me if you dare,l ah1 v,m iy1,ih1 f,y uw1,d eh1 r
flipped,f l ih1 p t
straw dogs,s t r ao1,d aa1 g z
batman,b ae1 t m ae2 n
sherlock holmes,sh er1 l aa2 k,hh ow1 m z
the omen,dh ah0,ow1 m ah0 n
rise of the planet of the apes,r ay1 z,ah1 v,dh ah0,p l ae1 n ah0 t,ah1 v,dh ah0,ey1 p s
la vie en rose,l aa1,v ay1,eh1 n,r ow1 z
after hours,ae1 f t er0,aw1 er0 z
a few good men,ah0,f y uw1,g uh1 d,m eh1 n
garden state,g aa1 r d ah0 n,s t ey1 t
falling down,f aa1 l ih0 ng,d aw1 n
the hunt for red october,dh ah0,hh ah1 n t,f ao1 r,r eh1 d,aa0 k t ow1 b er0
the abyss,dh ah0,ah0 b ih1 s
the reader,dh ah0,r iy1 d er0
equilibrium,iy2 k w ah0 l ih1 b r iy0 ah0 m
lost highway,l ao1 s t,hh ay1 w ey2
leaving las vegas,l iy1 v ih0 ng,l aa1 s,v ey1 g ah0 s
american psycho,ah0 m eh1 r ah0 k ah0 n,s ay1 k ow0
army of darkness,aa1 r m iy0,ah1 v,d aa1 r k n ah0 s
the assassination of jesse james by the coward robert ford,dh ah0,ah0 s ae2 s ah0 n ey1 sh ah0 n,ah1 v,jh eh1 s iy0,jh ey1 m z,b ay1,dh ah0,k aw1 er0 d,r aa1 b er0 t,f ao1 r d
marathon man,m eh1 r ah0 th aa2 n,m ae1 n
mud,m ah1 d
harry potter and the goblet of fire,hh eh1 r iy0,p aa1 t er0,ah0 n d,dh ah0,g aa1 b l ah0 t,ah1 v,f ay1 er0
the crow,dh ah0,k r ow1
tucker and dale vs evil,t ah1 k er0,ah0 n d,d ey1 l,v er1 s ah0 z,iy1 v ah0 l
the evil dead,dh ah0,iy1 v ah0 l,d eh1 d
the impossible,dh ah0,ih0 m p aa1 s ah0 b ah0 l
hunger,hh ah1 ng g er0
following,f aa1 l ow0 ih0 ng
whale rider,w ey1 l,r ay1 d er0
an american werewolf in london,ae1 n,ah0 m eh1 r ah0 k ah0 n,w eh1 r w uh2 l f,ih0 n,l ah1 n d ah0 n
a history of violence,ah0,hh ih1 s t er0 iy0,ah1 v,v ay1 ah0 l ah0 n s
my name is khan,m ay1,n ey1 m,ih1 z,k aa1 n
looper,l uw1 p er0
jackie brown,jh ae1 k iy0,b r aw1 n
dead man walking,d eh1 d,m ae1 n,w ao1 k ih0 ng
high fidelity,hh ay1,f ah0 d eh1 l ah0 t iy0
house of flying daggers,hh aw1 s,ah1 v,f l ay1 ih0 ng,d ae1 g er0 z
animal house,ae1 n ah0 m ah0 l,hh aw1 s
seven pounds,s eh1 v ah0 n,p aw1 n d z
dead alive,d eh1 d,ah0 l ay1 v
doubt,d aw1 t
the last temptation of christ,dh ah0,l ae1 s t,t eh0 m t ey1 sh ah0 n,ah1 v,k r ay1 s t
ice age,ay1 s,ey1 jh
the man who knew too much,dh ah0,m ae1 n,hh uw1,n uw1,t uw1,m ah1 ch
robocop,r ow1 b ow0 k aa2 p
up in the air,ah1 p,ih0 n,dh ah0,eh1 r
the fly,dh ah0,f l ay1
field of dreams,f iy1 l d,ah1 v,d r iy1 m z
blow,b l ow1
headhunters,hh eh1 d hh ah2 n t er0 z
the little mermaid,dh ah0,l ih1 t ah0 l,m er1 m ey2 d
the world's end,dh ah0,w er1 l d z,eh1 n d
robin hood,r aa1 b ah0 n,hh uh1 d
a simple plan,ah0,s ih1 m p ah0 l,p l ae1 n
the piano,dh ah0,p iy0 ae1 n ow0
the meaning of life,dh ah0,m iy1 n ih0 ng,ah1 v,l ay1 f
the wave,dh ah0,w ey1 v
enemy at the gates,eh1 n ah0 m iy0,ae1 t,dh ah0,g ey1 t s
waking life,w ey1 k ih0 ng,l ay1 f
quiz show,k w ih1 z,sh ow1
american splendor,ah0 m eh1 r ah0 k ah0 n,s p l eh1 n d er0
the orphanage,dh ah0,ao1 r f ah0 n ah0 jh
boys don't cry,b oy1 z,d ow1 n t,k r ay1
gangs of new york,g ae1 ng z,ah1 v,n uw1,y ao1 r k
a single man,ah0,s ih1 ng g ah0 l,m ae1 n
midnight run,m ih1 d n ay2 t,r ah1 n
american graffiti,ah0 m eh1 r ah0 k ah0 n,g r ah0 f iy1 t iy0
to catch a thief,t uw1,k ae1 ch,ah0,th iy1 f
lincoln,l ih1 ng k ah0 n
from russia with love,f r ah1 m,r ah1 sh ah0,w ih1 dh,l ah1 v
total recall,t ow1 t ah0 l,r iy1 k ao2 l
elizabeth,ih0 l ih1 z ah0 b ah0 th
tell no one,t eh1 l,n ow1,w ah1 n
hoosiers,hh uw1 z y er0 z
felon,f eh1 l ah0 n
the aviator,dh ah0,ey1 v iy0 ey2 t er0
the texas chain saw massacre,dh ah0,t eh1 k s ah0 s,ch ey1 n,s ao1,m ae1 s ah0 k er0
the constant gardener,dh ah0,k aa1 n s t ah0 n t,g aa1 r d ah0 n er0
babel,b ae1 b ah0 l
a nightmare on elm street,ah0,n ay1 t m eh2 r,aa1 n,eh1 l m,s t r iy1 t
we need to talk about kevin,w iy1,n iy1 d,t uw1,t ao1 k,ah0 b aw1 t,k eh1 v ih0 n
rust and bone,r ah1 s t,ah0 n d,b ow1 n
jacob's ladder,jh ey1 k ah0 b z,l ae1 d er0
witness,w ih1 t n ah0 s
reign over me,r ey1 n,ow1 v er0,m iy1
the great debaters,dh ah0,g r ey1 t,d ah0 b ey1 t er0 z
source code,s ao1 r s,k ow1 d
the wind that shakes the barley,dh ah0,w ay1 n d,dh ae1 t,sh ey1 k s,dh ah0,b aa1 r l iy0
the fisher king,dh ah0,f ih1 sh er0,k ih1 ng
pi,p ay1
the ice storm,dh ah0,ay1 s,s t ao1 r m
ghost world,g ow1 s t,w er1 l d
pleasantville,p l eh1 z ah0 n t v ih2 l
the devil's backbone,dh ah0,d eh1 v ah0 l z,b ae1 k b ow2 n
bullitt,b uw1 l ih0 t
the hours,dh ah0,aw1 er0 z
the painted veil,dh ah0,p ey1 n t ah0 d,v ey1 l
sleepy hollow,s l iy1 p iy0,hh aa1 l ow0
mean streets,m iy1 n,s t r iy1 t s
green street hooligans,g r iy1 n,s t r iy1 t,hh uw1 l ih0 g ah0 n z
zero dark thirty,z ih1 r ow0,d aa1 r k,th er1 d iy0
take shelter,t ey1 k,sh eh1 l t er0
heavenly creatures,hh eh1 v ah0 n l iy0,k r iy1 ch er0 z
notes on a scandal,n ow1 t s,aa1 n,ah0,s k ae1 n d ah0 l
i am sam,ay1,ae1 m,s ae1 m
secondhand lions,s eh1 k ah0 n d hh ae2 n d,l ay1 ah0 n z
sleepers,s l iy1 p er0 z
in the bedroom,ih0 n,dh ah0,b eh1 d r uw2 m
the natural,dh ah0,n ae1 ch er0 ah0 l
the place beyond the pines,dh ah0,p l ey1 s,b ih0 aa1 n d,dh ah0,p ay1 n z
open range,ow1 p ah0 n,r ey1 n jh
bambi,b ae1 m b iy0
fried green tomatoes,f r ay1 d,g r iy1 n,t ah0 m ey1 t ow0 z
the big blue,dh ah0,b ih1 g,b l uw1
the hurricane,dh ah0,hh er1 ah0 k ey2 n
the simpsons movie,dh ah0,s ih1 m p s ah0 n z,m uw1 v iy0
in the loop,ih0 n,dh ah0,l uw1 p
the proposition,dh ah0,p r aa2 p ah0 z ih1 sh ah0 n
everything is illuminated,eh1 v r iy0 th ih2 ng,ih1 z,ih0 l uw1 m ah0 n ey2 t ah0 d
blue valentine,b l uw1,v ae1 l ah0 n t ay2 n
raising arizona,r ey1 z ih0 ng,eh2 r ih0 z ow1 n ah0
far from heaven,f aa1 r,f r ah1 m,hh eh1 v ah0 n
alice in wonderland,ae1 l ah0 s,ih0 n,w ah1 n d er0 l ae2 n d
rudy,r uw1 d iy0
malena,m ae1 l ih0 n ah0
brick,b r ih1 k
poltergeist,p ow1 l t er0 g ay2 s t
the queen,dh ah0,k w iy1 n
the descendants,dh ah0,d ih0 s eh1 n d ah0 n t s
august rush,aa1 g ah0 s t,r ah1 sh
capote,k ah0 p ow1 t
trading places,t r ey1 d ih0 ng,p l ey1 s ah0 z
a perfect world,ah0,p er0 f eh1 k t,w er1 l d
cube,k y uw1 b
beetlejuice,b iy1 t ah0 l jh uw2 s
man on the moon,m ae1 n,aa1 n,dh ah0,m uw1 n
the mission,dh ah0,m ih1 sh ah0 n
carrie,k eh1 r iy0
the squid and the whale,dh ah0,s k w ih1 d,ah0 n d,dh ah0,w ey1 l
the devil's advocate,dh ah0,d eh1 v ah0 l z,ae1 d v ah0 k ah0 t
chaplin,ch ae1 p l ah0 n
dracula,d r ae1 k y uw0 l ah0
dawn of the dead,d ao1 n,ah1 v,dh ah0,d eh1 d
la femme nikita,l aa1,f eh1 m,n ih2 k iy1 t ah0
running scared,r ah1 n ih0 ng,s k eh1 r d
christmas vacation,k r ih1 s m ah0 s,v ey0 k ey1 sh ah0 n
life as a house,l ay1 f,ae1 z,ah0,hh aw1 s
dirty pretty things,d er1 t iy0,p r ih1 t iy0,th ih1 ng z
transamerica,t r ae2 n s ah0 m eh1 r ih0 k ah0
driving miss daisy,d r ay1 v ih0 ng,m ih1 s,d ey1 z iy0
the bucket list,dh ah0,b ah1 k ah0 t,l ih1 s t
tootsie,t uw1 t s iy1
my cousin vinny,m ay1,k ah1 z ah0 n,v ih1 n iy0
wonder boys,w ah1 n d er0,b oy1 z
the life of david gale,dh ah0,l ay1 f,ah1 v,d ey1 v ih0 d,g ey1 l
lady and the tramp,l ey1 d iy0,ah0 n d,dh ah0,t r ae1 m p
harry potter and the order of the phoenix,hh eh1 r iy0,p aa1 t er0,ah0 n d,dh ah0,ao1 r d er0,ah1 v,dh ah0,f iy1 n ih0 k s
corpse bride,k ao1 r p s,b r ay1 d
the bridges of madison county,dh ah0,b r ih1 jh ah0 z,ah1 v,m ae1 d ah0 s ah0 n,k aw1 n t iy0
miracle,m ih1 r ah0 k ah0 l
bad education,b ae1 d,eh2 jh ah0 k ey1 sh ah0 n
bound,b aw1 n d
rescue dawn,r eh1 s k y uw0,d ao1 n
freedom writers,f r iy1 d ah0 m,r ay1 t er0 z
lars and the real girl,l aa1 r z,ah0 n d,dh ah0,r iy1 l,g er1 l
best in show,b eh1 s t,ih0 n,sh ow1
wall street,w ao1 l,s t r iy1 t
revolutionary road,r eh2 v ah0 l uw1 sh ah0 n eh2 r iy0,r ow1 d
the rock,dh ah0,r aa1 k
dumbo,d ah1 m b ow0
pirate radio,p ay1 r ah0 t,r ey1 d iy0 ow2
precious,p r eh1 sh ah0 s
the great gatsby,dh ah0,g r ey1 t,g ae1 t s b iy0
mr. brooks,m ih1 s t er0,b r uh1 k s
across the universe,ah0 k r ao1 s,dh ah0,y uw1 n ah0 v er2 s
excalibur,eh2 k s k ae1 l ah0 b er0
the cider house rules,dh ah0,s ay1 d er0,hh aw1 s,r uw1 l z
swingers,s w ih1 ng er0 z
grosse pointe blank,g r aa1 s,p oy1 n t,b l ae1 ng k
red cliff,r eh1 d,k l ih1 f
layer cake,l ey1 er0,k ey1 k
michael clayton,m ay1 k ah0 l,k l ey1 t ah0 n
superman,s uw1 p er0 m ah0 n
limitless,l ih1 m ah0 t l ah0 s
a bridge too far,ah0,b r ih1 jh,t uw1,f aa1 r
easy rider,iy1 z iy0,r ay1 d er0
chasing amy,ch ey1 s ih0 ng,ey1 m iy0
king kong,k ih1 ng,k ao1 ng
labyrinth,l ae1 b er0 ih2 n th
peter pan,p iy1 t er0,p ae1 n
sleeping beauty,s l iy1 p ih0 ng,b y uw1 t iy0
shallow grave,sh ae1 l ow0,g r ey1 v
fish tank,f ih1 sh,t ae1 ng k
an education,ae1 n,eh2 jh ah0 k ey1 sh ah0 n
the english patient,dh ah0,ih1 ng g l ih0 sh,p ey1 sh ah0 n t
terms of endearment,t er1 m z,ah1 v,ih0 n d ih1 r m ah0 n t
the next three days,dh ah0,n eh1 k s t,th r iy1,d ey1 z
irreversible,ih2 r ih0 v er1 s ah0 b ah0 l
invasion of the body snatchers,ih0 n v ey1 zh ah0 n,ah1 v,dh ah0,b aa1 d iy0,s n ae1 ch er0 z
vacation,v ey0 k ey1 sh ah0 n
angel heart,ey1 n jh ah0 l,hh aa1 r t
death at a funeral,d eh1 th,ae1 t,ah0,f y uw1 n er0 ah0 l
crazy heart,k r ey1 z iy0,hh aa1 r t
flight,f l ay1 t
legends of the fall,l eh1 jh ah0 n d z,ah1 v,dh ah0,f ao1 l
beverly hills cop,b eh1 v er0 l iy0,hh ih1 l z,k aa1 p
the lincoln lawyer,dh ah0,l ih1 ng k ah0 n,l ao1 y er0
much ado about nothing,m ah1 ch,ah0 d uw1,ah0 b aw1 t,n ah1 th ih0 ng
home alone,hh ow1 m,ah0 l ow1 n
dr. no,d r ay1 v,n ow1
the hudsucker proxy,dh ah0,hh ah1 d s ah2 k er0,p r aa1 k s iy0
cape fear,k ey1 p,f ih1 r
the piano teacher,dh ah0,p iy0 ae1 n ow0,t iy1 ch er0
before the devil knows you're dead,b ih0 f ao1 r,dh ah0,d eh1 v ah0 l,n ow1 z,y uh1 r,d eh1 d
the talented mr. ripley,dh ah0,t ae1 l ah0 n t ah0 d,m ih1 s t er0,r ih1 p l iy0
live free or die hard,l ay1 v,f r iy1,ao1 r,d ay1,hh aa1 r d
jane eyre,jh ey1 n,eh1 r
closer,k l ow1 s er0
murder on the orient express,m er1 d er0,aa1 n,dh ah0,ao1 r iy0 eh2 n t,ih0 k s p r eh1 s
animal kingdom,ae1 n ah0 m ah0 l,k ih1 ng d ah0 m
cinderella,s ih2 n d er0 eh1 l ah0
the ghost writer,dh ah0,g ow1 s t,r ay1 t er0
the way back,dh ah0,w ey1,b ae1 k
the guard,dh ah0,g aa1 r d
contact,k aa1 n t ae2 k t
law abiding citizen,l ao1,ah0 b ay1 d ih0 ng,s ih1 t ah0 z ah0 n
this is the end,dh ih1 s,ih1 z,dh ah0,eh1 n d
my sister's keeper,m ay1,s ih1 s t er0 z,k iy1 p er0
ring,r ih1 ng
the fountain,dh ah0,f aw1 n t ah0 n
shame,sh ey1 m
monster,m aa1 n s t er0
planet terror,p l ae1 n ah0 t,t eh1 r er0
dogma,d aa1 g m ah0
me and you and everyone we know,m iy1,ah0 n d,y uw1,ah0 n d,eh1 v r iy0 w ah2 n,w iy1,n ow1
beasts of the southern wild,b iy1 s t s,ah1 v,dh ah0,s ah1 dh er0 n,w ay1 l d
the road,dh ah0,r ow1 d
frailty,f r ey1 l t iy0
the bank job,dh ah0,b ae1 ng k,jh aa1 b
the crying game,dh ah0,k r ay1 ih0 ng,g ey1 m
election,ih0 l eh1 k sh ah0 n
winter's bone,w ih1 n t er0 z,b ow1 n
sunshine,s ah1 n sh ay2 n
heathers,hh eh1 dh er0 z
cars,k aa1 r z
half nelson,hh ae1 f,n eh1 l s ah0 n
the descent,dh ah0,d ih0 s eh1 n t
the dead zone,dh ah0,d eh1 d,z ow1 n
frida,f r iy1 d ah0
audition,aa0 d ih1 sh ah0 n
the emperor's new groove,dh ah0,eh1 m p er0 er0 z,n uw1,g r uw1 v
chocolat,ch aa1 k l ah0 t
harry potter and the chamber of secrets,hh eh1 r iy0,p aa1 t er0,ah0 n d,dh ah0,ch ey1 m b er0,ah1 v,s iy1 k r ah0 t s
the science of sleep,dh ah0,s ay1 ah0 n s,ah1 v,s l iy1 p
lawless,l ao1 l ah0 s
identity,ay0 d eh1 n t ah0 t iy0
caddyshack,k ae1 d iy0 sh ae2 k
from dusk till dawn,f r ah1 m,d ah1 s k,t ih1 l,d ao1 n
four lions,f ao1 r,l ay1 ah0 n z
the mist,dh ah0,m ih1 s t
jerry maguire,jh eh1 r iy0,m ah0 g w ay1 r
submarine,s ah1 b m er0 iy2 n
ronin,r ow1 n ih0 n
frequency,f r iy1 k w ah0 n s iy0
forgetting sarah marshall,f er0 g eh1 t ih0 ng,s eh1 r ah0,m aa1 r sh ah0 l
big,b ih1 g
harry brown,hh eh1 r iy0,b r aw1 n
a tale of two sisters,ah0,t ey1 l,ah1 v,t uw1,s ih1 s t er0 z
unbreakable,ah0 n b r ey1 k ah0 b ah0 l
eyes wide shut,ay1 z,w ay1 d,sh ah1 t
a time to kill,ah0,t ay1 m,t uw1,k ih1 l
thirteen days,th er1 t iy1 n,d ey1 z
the terminal,dh ah0,t er1 m ah0 n ah0 l
true lies,t r uw1,l ay1 z
enemy of the state,eh1 n ah0 m iy0,ah1 v,dh ah0,s t ey1 t
in the line of fire,ih0 n,dh ah0,l ay1 n,ah1 v,f ay1 er0
