ass,ae1 s
andre,aa1 n d r ey2
anal,ey1 n ah0 l
asshole,ae1 s hh ow0 l
andrew,ae1 n d r uw0
anal sex,ey1 n ah0 l,s eh1 k s
air guitar,eh1 r,g ih0 t aa1 r
adam,ae1 d ah0 m
atheism plus,ah0 th ay1 s ah0 m,p l ah1 s
alex,ae1 l ah0 k s
angry dragon,ae1 ng g r iy0,d r ae1 g ah0 n
angry pirate,ae1 ng g r iy0,p ay1 r ah0 t
airplane mode,eh1 r p l ey2 n,m ow1 d
avril lavigne,ae1 v r ih0 l,l ah0 v ih1 n y
alone,ah0 l ow1 n
aisle salmon,ay1 l,s ae1 m ah0 n
anna,ae1 n ah0
awesome,aa1 s ah0 m
ashley,ae1 sh l iy0
ann coulter,ae1 n,k ow1 l t er0
asian,ey1 zh ah0 n
arch douche,aa1 r ch,d uw1 sh
australia,ao0 s t r ey1 l y ah0
air quote,eh1 r,k w ow1 t
amy,ey1 m iy0
air jerk,eh1 r,jh er1 k
alyssa,ah0 l ih1 s ah0
apple,ae1 p ah0 l
agnostic,ae0 g n aa1 s t ih0 k
amber,ae1 m b er0
alcohol,ae1 l k ah0 hh aa2 l
as you know,ae1 z,y uw1,n ow1
a,ah0
anonymous,ah0 n aa1 n ah0 m ah0 s
aaron,eh1 r ah0 n
abe lincoln,ey1 b,l ih1 ng k ah0 n
alexandra,ae2 l eh0 g z ae1 n d r ah0
awkward arm,aa1 k w er0 d,aa1 r m
atheist,ey1 th iy0 ah0 s t
amanda,ah0 m ae1 n d ah0
anthony ,ae1 n th ah0 n iy0
america,ah0 m eh1 r ah0 k ah0
acid,ae1 s ah0 d
an hero,ae1 n,hh ih1 r ow0
audrey,ao1 d r iy0
andrea,ae1 n d r iy0 ah0
alexa,ah0 l eh1 k s ah0
al gore,ae1 l,g ao1 r
alison,ae1 l ih0 s ah0 n
abercrombie,ae2 b er0 k r aa1 m b iy0
aids,ey1 d z
austin,ao1 s t ah0 n
aol,ey1 ow1 eh1 l
american,ah0 m eh1 r ah0 k ah0 n
abigail,ae1 b ah0 g ey2 l
allison,ae1 l ah0 s ah0 n
alice,ae1 l ah0 s
alexander,ae2 l ah0 g z ae1 n d er0
ass is grass,ae1 s,ih1 z,g r ae1 s
ass clown,ae1 s,k l aw1 n
abortion,ah0 b ao1 r sh ah0 n
atheism,ah0 th ay1 s ah0 m
al sharpton,ae1 l,sh aa1 r p t ah0 n
amelia,ah0 m iy1 l y ah0
abby ,ae1 b iy0
anus,ey1 n ah0 s
ass to ass,ae1 s,t uw1,ae1 s
andy,ae1 n d iy0
anne,ae1 n
alexis,ah0 l eh1 k s ih0 s
asian girls,ey1 zh ah0 n,g er1 l z
all time low,ao1 l,t ay1 m,l ow1
ali,aa1 l iy0
alicia,ah0 l ih1 sh ah0
annoying,ah0 n oy1 ih0 ng
ariana,aa0 r iy0 ae1 n ah0
arizona,eh2 r ih0 z ow1 n ah0
angela,ae1 n jh ah0 l ah0
adrian,ey1 d r iy0 ah0 n
annie,ae1 n iy0
anchor,ae1 ng k er0
asians,ey1 zh ah0 n z
anarchy,ae1 n er0 k iy0
alexandria,ae2 l ah0 g z ae1 n d r iy0 ah0
boobs,b uw1 b z
birthday,b er1 th d ey2
bush,b uh1 sh
bisexual,b ay2 s eh1 k sh uw0 ah0 l
bitch,b ih1 ch
blow job,b l ow1,jh aa1 b
bed gravity,b eh1 d,g r ae1 v ah0 t iy0
butter face,b ah1 t er0,f ey1 s
bored,b ao1 r d
boo,b uw1
balls out,b ao1 l z,aw1 t
blue balls,b l uw1,b ao1 l z
bible,b ay1 b ah0 l
baby goggles,b ey1 b iy0,g aa1 g ah0 l z
bad economy,b ae1 d,ih0 k aa1 n ah0 m iy0
bong,b aa1 ng
buffer guest,b ah1 f er0,g eh1 s t
buffer race,b ah1 f er0,r ey1 s
boredom,b ao1 r d ah0 m
boner,b ow1 n er0
beer,b ih1 r
beautiful,b y uw1 t ah0 f ah0 l
barry,b ae1 r iy0
blue waffle,b l uw1,w aa1 f ah0 l
bachelor wash,b ae1 ch ah0 l er0,w aa1 sh
boner shock,b ow1 n er0,sh aa1 k
big in japan,b ih1 g,ih0 n,jh ah0 p ae1 n
booty text,b uw1 t iy0,t eh1 k s t
booty call,b uw1 t iy0,k ao1 l
black friday,b l ae1 k,f r ay1 d iy0
beer thirty,b ih1 r,th er1 d iy0
brandon,b r ae1 n d ah0 n
brian,b r ay1 ah0 n
booty grazing,b uw1 t iy0,g r ey1 z ih0 ng
bus surfing,b ah1 s,s er1 f ih0 ng
bro,b r ow1
bogart,b ow1 g aa2 r t
black people,b l ae1 k,p iy1 p ah0 l
brown out,b r aw1 n,aw1 t
brad pitt,b r ae1 d,p ih1 t
beer me,b ih1 r,m iy1
book hangover,b uh1 k,hh ae1 ng ow2 v er0
blunt,b l ah1 n t
beer tears,b ih1 r,t eh1 r z
brain bleach,b r ey1 n,b l iy1 ch
booty,b uw1 t iy0
black,b l ae1 k
bogan,b ow1 g ah0 n
bored to debt,b ao1 r d,t uw1,d eh1 t
boyfriend,b oy1 f r eh2 n d
broner,b r ow1 n er0
balls,b ao1 l z
bloods,b l ah1 d z
bud,b ah1 d
brittany,b r ih1 t ah0 n iy0
brain boner,b r ey1 n,b ow1 n er0
beaver,b iy1 v er0
bra,b r aa1
batman,b ae1 t m ae2 n
breasts,b r eh1 s t s
book google,b uh1 k,g uw1 g ah0 l
bill clinton,b ih1 l,k l ih1 n t ah0 n
beef walk,b iy1 f,w ao1 k
ben,b eh1 n
bimbo,b ih1 m b ow0
bale out,b ey1 l,aw1 t
blow,b l ow1
brand new,b r ae1 n d,n uw1
baby bump,b ey1 b iy0,b ah1 m p
boiled goose,b oy1 l d,g uw1 s
bbc,b iy2 b iy0 s iy1
baller,b ao1 l er0
breast,b r eh1 s t
blair,b l eh1 r
blog,b l ao1 g
bone ami,b ow1 n,aa1 m iy0
bowl echo,b ow1 l,eh1 k ow0
cunt,k ah1 n t
cock block,k aa1 k,b l aa1 k
chuck norris,ch ah1 k,n ao1 r ih0 s
canada,k ae1 n ah0 d ah0
cock,k aa1 k
camel toe,k ae1 m ah0 l,t ow1
courtesy fart,k er1 t ah0 s iy0,f aa1 r t
cum,k ah1 m
crop dusting,k r aa1 p,d ah1 s t ih0 ng
chronic,k r aa1 n ih0 k
cracker,k r ae1 k er0
chris,k r ih1 s
cougar,k uw1 g er0
cubicle coma,k y uw1 b ih0 k ah0 l,k ow1 m ah0
cold jerky,k ow1 l d,jh er1 k iy0
cobra yawn,k ow1 b r ah0,y ao1 n
chick flick,ch ih1 k,f l ih1 k
cool,k uw1 l
computer,k ah0 m p y uw1 t er0
crunk,k r ah1 ng k
cocaine,k ow0 k ey1 n
cat,k ae1 t
condom,k aa1 n d ah0 m
cannabis,k ae1 n ah0 b ah0 s
cute,k y uw1 t
california,k ae2 l ah0 f ao1 r n y ah0
college,k aa1 l ih0 jh
cum dumpster,k ah1 m,d ah1 m p s t er0
cod diet,k aa1 d,d ay1 ah0 t
curb shame,k er1 b,sh ey1 m
chicago,sh ah0 k aa1 g ow2
chink,ch ih1 ng k
campy,k ae1 m p iy0
cactus legs,k ae1 k t ah0 s,l eh1 g z
critical ass,k r ih1 t ih0 k ah0 l,ae1 s
cheat chain,ch iy1 t,ch ey1 n
crush,k r ah1 sh
clitoris,k l ay0 t ao1 r ih0 s
coon,k uw1 n
crack,k r ae1 k
cunnilingus,k ah2 n ah0 l ih1 ng g ah0 s
coke,k ow1 k
cosby sweater,k ao1 z b iy0,s w eh1 t er0
crips,k r ih1 p s
crump,k r ah1 m p
cameron,k ae1 m er0 ah0 n
casey,k ey1 s iy0
cleavage,k l iy1 v ah0 jh
christina,k r ih0 s t iy1 n ah0
christopher,k r ih1 s t ah0 f er0
christianity,k r ih2 s ch iy0 ae1 n ih0 t iy0
cookie duster,k uh1 k iy0,d ah1 s t er0
coochie,k uw1 ch iy0
cold finger,k ow1 l d,f ih1 ng g er0
cross country,k r ao1 s,k ah1 n t r iy0
chinese,ch ay0 n iy1 z
crap,k r ae1 p
celebrity lay,s ah0 l eh1 b r ih0 t iy0,l ey1
christine,k r ih0 s t iy1 n
cheese,ch iy1 z
concierge,k aa2 n s iy0 eh1 r zh
coupon karma,k uw1 p ao2 n,k aa1 r m ah0
cooter,k uw1 t er0
cherry,ch eh1 r iy0
caitlin,k ey1 t l ih0 n
christian,k r ih1 s ch ah0 n
cowbell,k aw1 b eh2 l
clutch oven,k l ah1 ch,ah1 v ah0 n
chase,ch ey1 s
connor,k aa1 n er0
cop,k aa1 p
christmas,k r ih1 s m ah0 s
catherine,k ae1 th er0 ah0 n
dirty sanchez,d er1 t iy0,s ae1 n ch eh0 z
dick inches,d ih1 k,ih1 n ch ah0 z
dutch oven,d ah1 ch,ah1 v ah0 n
douche,d uw1 sh
dick,d ih1 k
daniel,d ae1 n y ah0 l
dead text,d eh1 d,t eh1 k s t
deja boo,d iy1 jh ah0,b uw1
dungeon tan,d ah1 n jh ah0 n,t ae1 n
drum driving,d r ah1 m,d r ay1 v ih0 ng
dope,d ow1 p
dick magnet,d ih1 k,m ae1 g n ah0 t
donkey punch,d aa1 ng k iy0,p ah1 n ch
david,d ey1 v ih0 d
dank,d ae1 ng k
death,d eh1 th
dish envy,d ih1 sh,eh1 n v iy0
dog,d ao1 g
drunk,d r ah1 ng k
dude,d uw1 d
democrat,d eh1 m ah0 k r ae2 t
dick flick,d ih1 k,f l ih1 k
drop a dime,d r aa1 p,ah0,d ay1 m
douche bag,d uw1 sh,b ae1 g
dick offset,d ih1 k,ao0 f s eh1 t
dr google,d r ay1 v,g uw1 g ah0 l
dylan,d ih1 l ah0 n
dyke,d ay1 k
dome,d ow1 m
docking,d aa1 k ih0 ng
dave,d ey1 v
doggy style,d ao1 g iy0,s t ay1 l
desk rage,d eh1 s k,r ey1 jh
deface,d ih0 f ey1 s
drugs,d r ah1 g z
depression,d ih0 p r eh1 sh ah0 n
diarrhea,d ay2 er0 iy1 ah0
dan,d ae1 n
dime,d ay1 m
danny,d ae1 n iy0
damn,d ae1 m
drew,d r uw1
dick cheney,d ih1 k,ch ey1 n iy0
diana,d ay0 ae1 n ah0
deaf breath,d eh1 f,b r eh1 th
devin,d eh1 v ih0 n
danielle,d ae2 n iy0 eh1 l
derek,d eh1 r ih0 k
dane cook,d ey1 n,k uh1 k
drunk catcher,d r ah1 ng k,k ae1 ch er0
demi lovato,d eh1 m iy0,l ow0 v aa1 t ow0
daft punk,d ae1 f t,p ah1 ng k
donkey show,d aa1 ng k iy0,sh ow1
dip,d ih1 p
disco nap,d ih1 s k ow0,n ae1 p
dustin,d ah1 s t ih0 n
deloitte,d ah0 l oy1 t
dad,d ae1 d
doty,d ow1 t iy0
detroit,d ih0 t r oy1 t
dike,d ay1 k
dictionary,d ih1 k sh ah0 n eh2 r iy0
dub,d ah1 b
dana,d ey1 n ah0
dutch rudder,d ah1 ch,r ah1 d er0
denise,d ih0 n iy1 s
disney,d ih1 z n iy0
dougie,d uw1 g iy0
emo,iy1 m ow2
eat out,iy1 t,aw1 t
eric,eh1 r ih0 k
edward cullen,eh1 d w er0 d,k ah1 l ah0 n
epic fail,eh1 p ih0 k,f ey1 l
emily,eh1 m ih0 l iy0
email courier,iy0 m ey1 l,k er1 iy0 er0
elizabeth,ih0 l ih1 z ah0 b ah0 th
erin,eh1 r ih0 n
echo chamber,eh1 k ow0,ch ey1 m b er0
ebonics,iy0 b ao1 n ih0 k s
eiffel tower,ay1 f ah0 l,t aw1 er0
erika,eh1 r ih0 k ah0
english,ih1 ng g l ih0 sh
emma,eh1 m ah0
epic,eh1 p ih0 k
eating out,iy1 t ih0 ng,aw1 t
empty a leg,eh1 m p t iy0,ah0,l eh1 g
email bail,iy0 m ey1 l,b ey1 l
evan,eh1 v ah0 n
erection,ih0 r eh1 k sh ah0 n
ent,eh1 n t
earth,er1 th
ecstasy,eh1 k s t ah0 s iy0
erik,eh1 r ih0 k
ethan,iy1 th ah0 n
erica,eh1 r ih0 k ah0
echo effect,eh1 k ow0,ih0 f eh1 k t
eli porter,iy1 l ay0,p ao1 r t er0
ebony,eh1 b ah0 n iy0
ellie,eh1 l iy0
elbow tag,eh1 l b ow2,t ae1 g
evil,iy1 v ah0 l
emo kid,iy1 m ow2,k ih1 d
email tennis,iy0 m ey1 l,t eh1 n ah0 s
edward,eh1 d w er0 d
eddie,eh1 d iy0
endo,eh1 n d ow0
eh hole,eh1,hh ow1 l
eye,ay1
emo boy,iy1 m ow2,b oy1
engineer,eh1 n jh ah0 n ih1 r
evelyn,eh1 v ah0 l ah0 n
ellen,eh1 l ah0 n
enema,eh1 n ah0 m ah0
e,iy1
egyptian,ih0 jh ih1 p sh ah0 n
eh,eh1
essay,eh0 s ey1
emo girl,iy1 m ow2,g er1 l
education,eh2 jh ah0 k ey1 sh ah0 n
elena,eh1 l ah0 n ah0
ed hardy,eh1 d,hh aa1 r d iy0
emo alphabet,iy1 m ow2,ae1 l f ah0 b eh2 t
emma watson,eh1 m ah0,w aa1 t s ah0 n
elmo,eh1 l m ow0
elaine,ih0 l ey1 n
emo chick,iy1 m ow2,ch ih1 k
easy,iy1 z iy0
eli,iy1 l ay0
eight ball,ey1 t,b ao1 l
elias,ah0 l ay1 ah0 s
emerson,eh1 m er0 s ah0 n
ed sheeran,eh1 d,sh ih1 r ah0 n
email,iy0 m ey1 l
emo kids,iy1 m ow2,k ih1 d z
esse,eh1 s
emu,iy1 m y uw2
erick,eh1 r ih0 k
ewe,y uw1
feminist,f eh1 m ah0 n ih0 s t
fuck,f ah1 k
feminism,f eh1 m ih0 n ih2 z ah0 m
filipino,f ih2 l ah0 p iy1 n ow0
friday,f r ay1 d iy0
fame whore,f ey1 m,hh ao1 r
fag,f ae1 g
food baby,f uw1 d,b ey1 b iy0
faggot,f ae1 g ah0 t
fat,f ae1 t
farting gift,f aa1 r t ih0 ng,g ih1 f t
finger guns,f ih1 ng g er0,g ah1 n z
fart and dart,f aa1 r t,ah0 n d,d aa1 r t
fuck you tax,f ah1 k,y uw1,t ae1 k s
fart,f aa1 r t
friend high,f r eh1 n d,hh ay1
fox news,f aa1 k s,n uw1 z
fob,f ao1 b
friend zone,f r eh1 n d,z ow1 n
food douche,f uw1 d,d uw1 sh
fuck you mean,f ah1 k,y uw1,m iy1 n
fax potato,f ae1 k s,p ah0 t ey1 t ow2
fucked,f ah1 k t
fireworks,f ay1 r w er2 k s
fat hangover,f ae1 t,hh ae1 ng ow2 v er0
fuck you,f ah1 k,y uw1
fight club,f ay1 t,k l ah1 b
facial,f ey1 sh ah0 l
fellatio,f ah0 l ey1 sh iy0 ow0
fat finger,f ae1 t,f ih1 ng g er0
furry,f er1 iy0
fail,f ey1 l
fucking,f ah1 k ih0 ng
fred,f r eh1 d
family guy,f ae1 m ah0 l iy0,g ay1
female,f iy1 m ey2 l
fun,f ah1 n
fuck a duck,f ah1 k,ah0,d ah1 k
fingering,f ih1 ng g er0 ih0 ng
faded,f ey1 d ah0 d
fart proposal,f aa1 r t,p r ah0 p ow1 z ah0 l
fucker,f ah1 k er0
fake,f ey1 k
france,f r ae1 n s
fit,f ih1 t
fire hazard,f ay1 er0,hh ae1 z er0 d
felch,f eh1 l ch
flamer,f l ey1 m er0
friend girl,f r eh1 n d,g er1 l
fly,f l ay1
fetch,f eh1 ch
fudge packer,f ah1 jh,p ae1 k er0
fucked up,f ah1 k t,ah1 p
falcon punch,f ae1 l k ah0 n,p ah1 n ch
fag hag,f ae1 g,hh ae1 g
fried chicken,f r ay1 d,ch ih1 k ah0 n
fuck buddy,f ah1 k,b ah1 d iy0
flake,f l ey1 k
foreplay,f ao1 r p l ey2
friends,f r eh1 n d z
fanny,f ae1 n iy0
finger,f ih1 ng g er0
finland,f ih1 n l ae2 n d
freshman,f r eh1 sh m ah0 n
gate rape,g ey1 t,r ey1 p
geek,g iy1 k
gay,g ey1
guido,g w iy1 d ow0
god,g aa1 d
goth,g aa1 th
gay buffer,g ey1,b ah1 f er0
george bush,jh ao1 r jh,b uh1 sh
good talk,g uh1 d,t ao1 k
girlfriend,g er1 l f r eh2 n d
gift parasite,g ih1 f t,p eh1 r ah0 s ay2 t
google,g uw1 g ah0 l
gangsta,g ae1 ng s t ah0
girl,g er1 l
google harder,g uw1 g ah0 l,hh aa1 r d er0
gaming sense,g ey1 m ih0 ng,s eh1 n s
ghetto,g eh1 t ow0
good looking,g uh1 d,l uh1 k ih0 ng
grenade,g r ah0 n ey1 d
george w bush,jh ao1 r jh,d ah1 b ah0 l y uw0,b uh1 sh
g spot,jh iy1,s p aa1 t
green day,g r iy1 n,d ey1
g,jh iy1
gullible,g ah1 l ah0 b ah0 l
grammer,g r ae1 m er0
government,g ah1 v er0 m ah0 n t
guilt wave,g ih1 l t,w ey1 v
gift crack,g ih1 f t,k r ae1 k
gooch,g uw1 ch
german,jh er1 m ah0 n
gangster,g ae1 ng s t er0
gar,g aa1 r
germany,jh er1 m ah0 n iy0
gate massage,g ey1 t,m ah0 s aa1 zh
girls,g er1 l z
ghost taste,g ow1 s t,t ey1 s t
gat,g ae1 t
gaydar,g ey1 d aa2 r
green eyes,g r iy1 n,ay1 z
gerard way,jh er0 aa1 r d,w ey1
george,jh ao1 r jh
gravy train,g r ey1 v iy0,t r ey1 n
ginger,jh ih1 n jh er0
gook,g uh1 k
greek,g r iy1 k
grinding,g r ay1 n d ih0 ng
get real,g eh1 t,r iy1 l
glen coco,g l eh1 n,k ow1 k ow2
garrett,g ae1 r ih0 t
grace,g r ey1 s
gnarly,n aa1 r l iy0
girl crush,g er1 l,k r ah1 sh
going ham,g ow1 ih0 ng,hh ae1 m
gonzo,g aa1 n z ow0
go primitive,g ow1,p r ih1 m ah0 t ih0 v
get get,g eh1 t,g eh1 t
g string,jh iy1,s t r ih1 ng
gay sex,g ey1,s eh1 k s
glory hole,g l ao1 r iy0,hh ow1 l
golden shower,g ow1 l d ah0 n,sh aw1 er0
grill,g r ih1 l
grind,g r ay1 n d
gash,g ae1 sh
gore effect,g ao1 r,ih0 f eh1 k t
guy code,g ay1,k ow1 d
gary,g eh1 r iy0
gay crashing,g ey1,k r ae1 sh ih0 ng
gold digger,g ow1 l d,d ih1 g er0
gintz,g ih1 n t s
gaylord,g ey1 l ao2 r d
gully,g ah1 l iy0
grammar nazi,g r ae1 m er0,n aa1 t s iy0
getting yucky,g eh1 t ih0 ng,y ah1 k iy0
gabriel,g ey1 b r iy0 ah0 l
grade digger,g r ey1 d,d ih1 g er0
gun,g ah1 n
glenn beck,g l eh1 n,b eh1 k
grape drink,g r ey1 p,d r ih1 ng k
grant,g r ae1 n t
high school,hh ay1,s k uw1 l
ho,hh ow1
hit the slide,hh ih1 t,dh ah0,s l ay1 d
horny,hh ao1 r n iy0
hot mess,hh aa1 t,m eh1 s
halloween,hh ae2 l ah0 w iy1 n
ha,hh aa1
harry potter,hh eh1 r iy0,p aa1 t er0
hot,hh aa1 t
high,hh ay1
homework,hh ow1 m w er2 k
hype aversion,hh ay1 p,ah0 v er1 zh ah0 n
hand me up,hh ae1 n d,m iy1,ah1 p
hot topic,hh aa1 t,t aa1 p ih0 k
homosexual,hh ow2 m ow0 s eh1 k sh ah2 w ah0 l
hannah,hh ae1 n ah0
head,hh eh1 d
high ten,hh ay1,t eh1 n
hilary duff,hh ih1 l er0 iy0,d ah1 f
hater,hh ey1 t er0
hell,hh eh1 l
houdini,hh uw0 d iy1 n iy0
hash,hh ae1 sh
hitler,hh ih1 t l er0
hoe,hh ow1
hummer,hh ah1 m er0
halo,hh ey1 l ow0
hot carl,hh aa1 t,k aa1 r l
hockey,hh aa1 k iy0
hand job,hh ae1 n d,jh aa1 b
husband chair,hh ah1 z b ah0 n d,ch eh1 r
hadad,hh ae1 d ah0 d
ho ho ho,hh ow1,hh ow1,hh ow1
homer,hh ow1 m er0
humble pie,hh ah1 m b ah0 l,p ay1
house,hh aw1 s
home run,hh ow1 m,r ah1 n
happy ending,hh ae1 p iy0,eh1 n d ih0 ng
hooking up,hh uh1 k ih0 ng,ah1 p
hate,hh ey1 t
hollister,hh aa1 l ih0 s t er0
harry styles,hh eh1 r iy0,s t ay1 l z
harvard,hh aa1 r v er0 d
hello list,hh ah0 l ow1,l ih1 s t
hook up,hh uh1 k,ah1 p
holiday beard,hh aa1 l ah0 d ey2,b ih1 r d
homer simpson,hh ow1 m er0,s ih1 m p s ah0 n
hick,hh ih1 k
hangover,hh ae1 ng ow2 v er0
hippie,hh ih1 p iy0
head splinter,hh eh1 d,s p l ih1 n t er0
hickey,hh ih1 k iy0
hernandez,hh er0 n ae1 n d eh0 z
honky,hh ao1 ng k iy0
hustler,hh ah1 s ah0 l er0
heather,hh eh1 dh er0
homo,hh ow1 m ow0
hood rat,hh uh1 d,r ae1 t
hayley,hh ey1 l iy0
hun,hh ah1 n
harry,hh eh1 r iy0
heroin,hh eh1 r ow0 ah0 n
hulk out,hh ah1 l k,aw1 t
houston,hh y uw1 s t ah0 n
hump,hh ah1 m p
hump day,hh ah1 m p,d ey1
hong ho,hh ao1 ng,hh ow1
herpes,hh er1 p iy0 z
half and half,hh ae1 f,ah0 n d,hh ae1 f
harlem shake,hh aa1 r l ah0 m,sh ey1 k
happy trail,hh ae1 p iy0,t r ey1 l
hip hop,hh ih1 p,hh aa1 p
heavy metal,hh eh1 v iy0,m eh1 t ah0 l
ham,hh ae1 m
hymen,hh ay1 m ah0 n
haley,hh ey1 l iy0
hot lunch,hh aa1 t,l ah1 n ch
heck,hh eh1 k
hindu,hh ih1 n d uw2
heaven,hh eh1 v ah0 n
hug,hh ah1 g
internet,ih1 n t er0 n eh2 t
iphone effect,ay1 f ow2 n,ih0 f eh1 k t
internet coma,ih1 n t er0 n eh2 t,k ow1 m ah0
indie,ih1 n d iy0
irish,ay1 r ih0 sh
idiot,ih1 d iy0 ah0 t
ipod,ay1 p ao2 d
israel,ih1 z r iy0 ah0 l
irish twins,ay1 r ih0 sh,t w ih1 n z
imo,ay1 m ow0
islam,ih0 s l aa1 m
iron maiden,ay1 er0 n,m ey1 d ah0 n
incest,ih1 n s eh2 s t
if you will,ih1 f,y uw1,w ih1 l
interesting,ih1 n t r ah0 s t ih0 ng
i,ay1
i love you,ay1,l ah1 v,y uw1
ice maker,ay1 s,m ey1 k er0
ice cube,ay1 s,k y uw1 b
italian,ih0 t ae1 l y ah0 n
ish,ih1 sh
ian,iy1 ah0 n
ianthe,iy0 aa1 n th ey0
india,ih1 n d iy0 ah0
indie kid,ih1 n d iy0,k ih1 d
intercourse,ih1 n t er0 k ao2 r s
ib,ih1 b
iraq,ih0 r aa1 k
iphone,ay1 f ow2 n
ireland,ay1 er0 l ah0 n d
indian,ih1 n d iy0 ah0 n
iran,ih0 r aa1 n
iced,ay1 s t
invader zim,ih0 n v ey1 d er0,z ih1 m
ice,ay1 s
insomnia,ih0 n s aa1 m n iy0 ah0
irma,er1 m ah0
ivan,ay1 v ah0 n
ill,ih1 l
inglish,ih1 ng g ah0 l ih0 sh
illinois,ih2 l ah0 n oy1
irony,ay1 r ah0 n iy0
indo,ih1 n d ow0
its,ih1 t s
inverse midas,ih0 n v er1 s,m ay1 d ah0 s
idiot bar,ih1 d iy0 ah0 t,b aa1 r
indie girl,ih1 n d iy0,g er1 l
ignorant,ih1 g n er0 ah0 n t
isabel,ih1 z ah0 b eh2 l
introvert,ih1 n t r ow0 v er2 t
in love,ih0 n,l ah1 v
immature,ih2 m ah0 t y uh1 r
irregardless,ih0 r ah0 g aa1 d l ah0 s
it,ih1 t
isabella,ih2 z ah0 b eh1 l ah0
isabelle,ih1 z ah0 b eh2 l
justin bieber,jh ah1 s t ah0 n,b iy1 b er0
jesus,jh iy1 z ah0 s
james,jh ey1 m z
jesus jeans,jh iy1 z ah0 s,jh iy1 n z
jew,jh uw1
jennifer,jh eh1 n ah0 f er0
joke poach,jh ow1 k,p ow1 ch
justin,jh ah1 s t ah0 n
john,jh aa1 n
josh,jh aa1 sh
jessica,jh eh1 s ih0 k ah0
jonathan,jh aa1 n ah0 th ah0 n
jingle bowels,jh ih1 ng g ah0 l,b aw1 ah0 l z
japan,jh ah0 p ae1 n
jake,jh ey1 k
jock,jh aa1 k
jerk,jh er1 k
julia,jh uw1 l y ah0
jeremy,jh eh1 r ah0 m iy0
joshua,jh aa1 sh uw0 ah0
jason,jh ey1 s ah0 n
jacob,jh ey1 k ah0 b
job talker,jh aa1 b,t ao1 k er0
jews,jh uw1 z
jordan,jh ao1 r d ah0 n
jesus piece,jh iy1 z ah0 s,p iy1 s
jasmine,jh ae1 z m ah0 n
jill off,jh ih1 l,ao1 f
joseph,jh ow1 s ah0 f
just saying,jh ah1 s t,s ey1 ih0 ng
jesse,jh eh1 s iy0
julie,jh uw1 l iy0
jaded,jh ey1 d ah0 d
jersey shore,jh er1 z iy0,sh ao1 r
joy,jh oy1
ja rule,y aa1,r uw1 l
johnson,jh aa1 n s ah0 n
jimi hendrix,jh ih1 m iy0,hh eh1 n d r ih0 k s
johnny depp,jh aa1 n iy0,d eh1 p
jack off,jh ae1 k,ao1 f
jared,jh eh1 r ih0 d
joan,jh ow1 n
jamie ,jh ey1 m iy0
julian,jh uw1 l iy0 ah0 n
jack,jh ae1 k
joey,jh ow1 iy0
joint,jh oy1 n t
jon,jh aa1 n
jenna,jh eh1 n ah0
jeff,jh eh1 f
jacqueline,jh ae1 k w ah0 l ih0 n
jenny,jh eh1 n iy0
john lennon,jh aa1 n,l eh1 n ah0 n
jazz,jh ae1 z
john mccain,jh aa1 n,m ah0 k ey1 n
joe,jh ow1
jack thompson,jh ae1 k,t aa1 m p s ah0 n
joel,jh ow1 ah0 l
jive turkey,jh ay1 v,t er1 k iy0
jungle bunny,jh ah1 ng g ah0 l,b ah1 n iy0
jimmy page,jh ih1 m iy0,p ey1 jh
jack shit,jh ae1 k,sh ih1 t
jihad,jh iy1 hh ae0 d
jeffrey,jh eh1 f r iy0
jose,hh ow2 z ey1
jillian,jh ih1 l iy0 ah0 n
jacking off,jh ae1 k ih0 ng,ao1 f
japanese,jh ae2 p ah0 n iy1 z
jimmy,jh ih1 m iy0
jacko,jh ae1 k ow0
jesse jackson,jh eh1 s iy0,jh ae1 k s ah0 n
jackie,jh ae1 k iy0
joseph smith,jh ow1 s ah0 f,s m ih1 th
jon stewart,jh aa1 n,s t uw1 er0 t
jack bauer,jh ae1 k,b aw1 er0
jenna jameson,jh eh1 n ah0,jh ey1 m s ah0 n
just friends,jh ah1 s t,f r eh1 n d z
juggernaut,jh ah1 g er0 n ao2 t
jackass,jh ae1 k ae2 s
jail bait,jh ey1 l,b ey1 t
jewish,jh uw1 ih0 sh
jack layton,jh ae1 k,l ey1 t ah0 n
jelly,jh eh1 l iy0
job,jh aa1 b
jew gold,jh uw1,g ow1 l d
jocelyn,jh ao1 s l ih2 n
joanne,jh ow2 ae1 n
jesus christ,jh iy1 z ah0 s,k r ay1 s t
jet life,jh eh1 t,l ay1 f
jamal,jh ah0 m aa1 l
justine,jh ah0 s t iy1 n
jade,jh ey1 d
jacob black,jh ey1 k ah0 b,b l ae1 k
joanna,jh ow0 ae1 n ah0
jerry beans,jh eh1 r iy0,b iy1 n z
jaime,hh ay1 m iy0
kkk,k ey1 k ey1 k ey1
kevin,k eh1 v ih0 n
katie,k ey1 t iy0
kobe special,k ow1 b ey0,s p eh1 sh ah0 l
kinky,k ih1 ng k iy0
karen,k eh1 r ah0 n
kush,k uh1 sh
kiss,k ih1 s
kelsey,k eh1 l s iy0
kyle,k ay1 l
kurt cobain,k er1 t,k ow1 b ey2 n
kimberly,k ih1 m b er0 l iy0
kayla,k ey1 l ah0
kickback,k ih1 k b ae2 k
kate,k ey1 t
krishna,k r ih1 sh n ah0
korean,k ao0 r iy1 ah0 n
katy perry,k ey1 t iy0,p eh1 r iy0
katherine,k ae1 th er0 ih0 n
kristen,k r ih1 s t ah0 n
kelly,k eh1 l iy0
kathryn,k ae1 th r ih0 n
kodak courage,k ow1 d ae2 k,k er1 ah0 jh
kudos,k uw1 d ow0 s
kathleen,k ae0 th l iy1 n
kara,k eh1 r ah0
kobe bryant,k ow1 b ey0,b r ay1 ah0 n t
kneel,n iy1 l
kenneth,k eh1 n ih0 th
korn,k ao1 r n
ku klux klan,k uw1,k l ah1 k s,k l ae1 n
kiki,k iy1 k iy0
kool aid,k uw1 l,ey1 d
k,k ey1
kim,k ih1 m
kill,k ih1 l
karla,k aa1 r l ah0
keep it real,k iy1 p,ih1 t,r iy1 l
kick rocks,k ih1 k,r aa1 k s
kim jong il,k ih1 m,jh ao1 ng,ih1 l
kitten,k ih1 t ah0 n
karma,k aa1 r m ah0
kerry,k eh1 r iy0
krista,k r ih1 s t ah0
kirsten,k er1 s t ah0 n
kristin,k r ih1 s t ih0 n
kathy,k ae1 th iy0
krapf,k r ae1 p f
kardashian,k aa1 d ah0 sh ey2 n
kat,k ae1 t
kwanzaa,k w aa1 n z ah0
karl,k aa1 r l
kristine,k r ih0 s t iy1 n
katrina,k ah0 t r iy1 n ah0
king kong,k ih1 ng,k ao1 ng
kenny,k eh1 n iy0
koran,k ao0 r aa1 n
karl rove,k aa1 r l,r ow1 v
karl marx,k aa1 r l,m aa1 r k s
kitty,k ih1 t iy0
kristina,k r ih0 s t iy1 n ah0
keeper,k iy1 p er0
kobe,k ow1 b ey0
kristy,k r ih1 s t iy0
kai kai,k ay1,k ay1
kellie,k eh1 l iy0
kicks,k ih1 k s
keith,k iy1 th
kari,k eh1 r iy0
kramer,k r ey1 m er0
love,l ah1 v
lil wayne,l ih1 l,w ey1 n
life password,l ay1 f,p ae1 s w er2 d
let you go,l eh1 t,y uw1,g ow1
life,l ay1 f
loser,l uw1 z er0
laundry limbo,l ao1 n d r iy0,l ih1 m b ow0
last texter,l ae1 s t,t eh1 k s t er0
lauren,l ao1 r ah0 n
led zeppelin,l eh1 d,z eh1 p ih0 l ih0 n
leno giver,l eh1 n ow0,g ih1 v er0
love tap,l ah1 v,t ae1 p
literally,l ih1 t er0 ah0 l iy0
lesbian,l eh1 z b iy0 ah0 n
loner,l ow1 n er0
liberal,l ih1 b er0 ah0 l
linux,l ih1 n ah0 k s
lsd,eh2 l eh2 s d iy1
lego hair,l eh1 g ow0,hh eh1 r
lying in wake,l ay1 ih0 ng,ih0 n,w ey1 k
lion king,l ay1 ah0 n,k ih1 ng
labor day,l ey1 b er0,d ey1
los angeles,l ow1 s,ae1 n jh ah0 l ih0 s
lilly,l ih1 l iy0
lent trap,l eh1 n t,t r ae1 p
loneliness,l ow1 n l iy0 n ah0 s
lolita,l ow0 l iy1 t ah0
laura,l ao1 r ah0
lost,l ao1 s t
lily,l ih1 l iy0
luke,l uw1 k
london,l ah1 n d ah0 n
little buddy,l ih1 t ah0 l,b ah1 d iy0
libertarian,l ih2 b er0 t eh1 r iy0 ah0 n
lisa,l iy1 s ah0
link,l ih1 ng k
lust,l ah1 s t
lame,l ey1 m
lindsay,l ih1 n d z iy0
lacrosse,l ah0 k r ao1 s
leah,l iy1 ah0
lucy,l uw1 s iy0
latina,l aa0 t iy1 n ah0
liz,l ih1 z
lindsey,l ih1 n d z iy0
lebron james,l eh1 b r ah0 n,jh ey1 m z
leslie,l eh1 s l iy0
lesbians,l eh1 z b iy0 ah0 n z
legit,l eh1 jh ih0 t
louis,l uw1 ih0 s
like,l ay1 k
lori,l ao1 r iy0
lesbian sex,l eh1 z b iy0 ah0 n,s eh1 k s
lupe fiasco,l uw1 p,f iy0 ae1 s k ow0
liam,l iy1 ah0 m
leet,l iy1 t
louisiana,l uw0 iy2 z iy0 ae1 n ah0
lara,l aa1 r ah0
laugh,l ae1 f
lil jon,l ih1 l,jh aa1 n
lucas,l uw1 k ah0 s
lydia,l ih1 d iy0 ah0
lean,l iy1 n
lonely,l ow1 n l iy0
lipper,l ih1 p er0
lush,l ah1 sh
laying pipe,l ey1 ih0 ng,p ay1 p
lynn,l ih1 n
love handles,l ah1 v,hh ae1 n d ah0 l z
loose,l uw1 s
lars,l aa1 r z
lil b,l ih1 l,b iy1
looser,l uw1 s er0
luis,l uw0 iy1 s
london bridge,l ah1 n d ah0 n,b r ih1 jh
labella,l ah0 b eh1 l ah0
like a boss,l ay1 k,ah0,b aa1 s
laid,l ey1 d
lena,l iy1 n ah0
lemon,l eh1 m ah0 n
liam payne,l iy1 ah0 m,p ey1 n
muslim,m ah1 z l ah0 m
marijuana,m eh2 r ah0 w aa1 n ah0
muffin top,m ah1 f ah0 n,t aa1 p
michael,m ay1 k ah0 l
muddy helmet,m ah1 d iy0,hh eh1 l m ah0 t
maybe later,m ey1 b iy0,l ey1 t er0
man chair,m ae1 n,ch eh1 r
man cave,m ae1 n,k ey1 v
miley cyrus,m ay1 l iy0,s ay1 r ah0 s
music,m y uw1 z ih0 k
matt,m ae1 t
maris,m eh1 r ih0 s
marriage,m eh1 r ih0 jh
mcdonalds,m ah0 k d aa1 n ah0 l d z
masturbate,m ae1 s t er0 b ey2 t
masturbation,m ae2 s t er0 b ey1 sh ah0 n
mouse potato,m aw1 s,p ah0 t ey1 t ow2
metallica,m ah0 t ae1 l ih0 k ah0
man,m ae1 n
megan,m ey1 g ah0 n
metrosexual,m eh2 t r ah0 s eh1 k sh uw2 ah0 l
milkshake,m ih1 l k sh ey2 k
mike,m ay1 k
melissa,m ah0 l ih1 s ah0
mall feet,m ao1 l,f iy1 t
mindy,m ih1 n d iy0
men,m eh1 n
man stand,m ae1 n,s t ae1 n d
maria,m er0 iy1 ah0
meth,m eh1 th
mom,m aa1 m
morgan,m ao1 r g ah0 n
me,m iy1
martin,m aa1 r t ah0 n
megan fox,m ey1 g ah0 n,f aa1 k s
motorboat,m ow1 t er0 b ow2 t
money hugger,m ah1 n iy0,hh ah1 g er0
moron,m ao1 r aa2 n
maggie,m ae1 g iy0
muff,m ah1 f
metal,m eh1 t ah0 l
make it rain,m ey1 k,ih1 t,r ey1 n
muse,m y uw1 z
michelle,m ih0 sh eh1 l
morning wood,m ao1 r n ih0 ng,w uh1 d
mexican,m eh1 k s ah0 k ah0 n
minger,m ih1 ng er0
moon cricket,m uw1 n,k r ih1 k ah0 t
matthew,m ae1 th y uw0
microsoft,m ay1 k r ow2 s ao1 f t
missing link,m ih1 s ih0 ng,l ih1 ng k
mitt romney,m ih1 t,r aa1 m n iy0
munchies,m ah1 n ch iy2 z
max,m ae1 k s
muff cabbage,m ah1 f,k ae1 b ah0 jh
marching band,m aa1 r ch ih0 ng,b ae1 n d
michigan,m ih1 sh ih0 g ah0 n
mother fucker,m ah1 dh er0,f ah1 k er0
marine,m er0 iy1 n
mark,m aa1 r k
muffin,m ah1 f ah0 n
mormon wine,m ao1 r m ah0 n,w ay1 n
mackenzie,m ah0 k eh1 n z iy0
middle school,m ih1 d ah0 l,s k uw1 l
mines,m ay1 n z
memory hole,m eh1 m er0 iy0,hh ow1 l
math,m ae1 th
mario,m aa1 r iy0 ow0
money,m ah1 n iy0
marcus,m aa1 r k ah0 s
massachusetts,m ae2 s ah0 ch uw1 s ah0 t s
man crush,m ae1 n,k r ah1 sh
mourad,m uw1 r ae0 d
nigger,n ih1 g er0
nerd,n er1 d
no homo,n ow1,hh ow1 m ow0
no offense,n ow1,ah0 f eh1 n s
nice,n ay1 s
nom nom nom,n aa1 m,n aa1 m,n aa1 m
nick,n ih1 k
nap mouth,n ae1 p,m aw1 th
northwest nap,n ao2 r th w eh1 s t,n ae1 p
natalie,n ae1 t ah0 l iy0
new jersey,n uw1,jh er1 z iy0
no,n ow1
ninja,n ih1 n jh ah0
nicole,n ih0 k ow1 l
no lifer,n ow1,l ay1 f er0
ninja sex,n ih1 n jh ah0,s eh1 k s
nate,n ey1 t
new york,n uw1,y ao1 r k
name ambush,n ey1 m,ae1 m b uh2 sh
nambla,n ae1 m b l ah0
nirvana,n ih0 r v aa1 n ah0
nice guy,n ay1 s,g ay1
new york city,n uw1,y ao1 r k,s ih1 t iy0
nazi,n aa1 t s iy0
niggers,n ih1 g er0 z
nickelodeon,n ih2 k ih0 l ow1 d iy0 ah0 n
nikki,n ih1 k iy0
no u,n ow1,y uw1
naomi,n ey0 ow1 m iy0
niall horan,n ay1 l,hh ao1 r ah0 n
naff,n ae1 f
net lag,n eh1 t,l ae1 g
nano nap,n aa1 n ow0,n ae1 p
nintendo,n ih0 n t eh1 n d ow0
nicholas,n ih1 k ah0 l ah0 s
norway,n ao1 r w ey2
nipples,n ih1 p ah0 l z
nihilism,n ay1 ah0 l ih2 z ah0 m
negro,n iy1 g r ow0
nuts to butts,n ah1 t s,t uw1,b ah1 t s
natasha,n ah0 t aa1 sh ah0
natalia,n ah0 t aa1 l y ah0
nathan,n ey1 th ah0 n
nipple,n ih1 p ah0 l
nascar,n ae1 s k aa2 r
nub,n ah1 b
no stalk,n ow1,s t ao1 k
no name basis,n ow1,n ey1 m,b ey1 s ah0 s
niggardly,n ih1 g er0 d l iy0
nut,n ah1 t
nigger rich,n ih1 g er0,r ih1 ch
nymphomaniac,n ih2 m f ow0 m ey1 n iy0 ae2 k
noah,n ow1 ah0
nancy,n ae1 n s iy0
nigger lover,n ih1 g er0,l ah1 v er0
new orleans,n uw1,ao1 r l iy0 ah0 n z
narc,n aa1 r k
nadine,n ah0 d iy1 n
new zealand,n uw1,z iy1 l ah0 n d
nork,n ao1 r k
nadia,n ae1 d y ah0
nigger rig,n ih1 g er0,r ih1 g
nuts,n ah1 t s
orgasm,ao1 r g ae0 z ah0 m
obama,ow2 b aa1 m ah0
one upper,w ah1 n,ah1 p er0
oral sex,ao1 r ah0 l,s eh1 k s
og,aa1 g
one direction,w ah1 n,d er0 eh1 k sh ah0 n
owned,ow1 n d
one love,w ah1 n,l ah1 v
off the box,ao1 f,dh ah0,b aa1 k s
olivia,ow0 l ih1 v iy0 ah0
op,aa1 p
office hands,ao1 f ah0 s,hh ae1 n d z
ounce,aw1 n s
orgy,ao1 r jh iy0
oliver,aa1 l ah0 v er0
owen tate,ow1 ah0 n,t ey1 t
oregon,ao1 r ah0 g ah0 n
obama baby,ow2 b aa1 m ah0,b ey1 b iy0
o face,ow1,f ey1 s
oreo,ao1 r iy0 ow0
on blast,aa1 n,b l ae1 s t
oxymoron,aa2 k s iy1 m ao1 r aa0 n
office ghost,ao1 f ah0 s,g ow1 s t
opp,aa1 p
oprah,ow1 p r ah0
outside,aw1 t s ay1 d
onion booty,ah1 n y ah0 n,b uw1 t iy0
ofc,ow1 eh1 f s iy1
old soul,ow1 l d,s ow1 l
oscar mike,ao1 s k er0,m ay1 k
outcast,aw1 t k ae2 s t
oblivion,ah0 b l ih1 v iy0 ah0 n
oasis,ow0 ey1 s ih0 s
orly,ao1 r l iy0
osama,ow0 s aa1 m ah0
omar,ow1 m aa0 r
ova,ow1 v ah0
one,w ah1 n
overrated,ow2 v er0 r ey1 t ih0 d
otter,aa1 t er0
oral,ao1 r ah0 l
octavio,aa2 k t ey1 v iy0 ow0
obama haters,ow2 b aa1 m ah0,hh ey1 t er0 z
oj simpson,ow1 jh ey1,s ih1 m p s ah0 n
oh noes,ow1,n ow1 z
old school,ow1 l d,s k uw1 l
obese,ow0 b iy1 s
outstanding,aw2 t s t ae1 n d ih0 ng
orange,ao1 r ah0 n jh
oscar,ao1 s k er0
oi,oy1
old fashioned,ow1 l d,f ae1 sh ah0 n d
oh snap,ow1,s n ae1 p
ones and twos,w ah1 n z,ah0 n d,t uw1 z
outlaw star,aw1 t l ao2,s t aa1 r
oven mitt,ah1 v ah0 n,m ih1 t
ohio,ow0 hh ay1 ow0
oscar bait,ao1 s k er0,b ey1 t
obama basher,ow2 b aa1 m ah0,b ae1 sh er0
olsen twins,ow1 l s ah0 n,t w ih1 n z
obama bashers,ow2 b aa1 m ah0,b ae1 sh er0 z
one time,w ah1 n,t ay1 m
on the rag,aa1 n,dh ah0,r ae1 g
office space,ao1 f ah0 s,s p ey1 s
out of pocket,aw1 t,ah1 v,p aa1 k ah0 t
oy vey,oy1,v ey1
oxendine,aa1 k s ih0 n d ay0 n
oakland,ow1 k l ah0 n d
owen,ow1 ah0 n
ost,ow1 s t
oh bother,ow1,b aa1 dh er0
one piece,w ah1 n,p iy1 s
o,ow1
omega male,ow0 m eh1 g ah0,m ey1 l
old greg,ow1 l d,g r eh1 g
pussy,p uh1 s iy0
penis,p iy1 n ih0 s
porn,p ao1 r n
paris hilton,p eh1 r ih0 s,hh ih1 l t ah0 n
pillow lust,p ih1 l ow0,l ah1 s t
pi time,p ay1,t ay1 m
price point,p r ay1 s,p oy1 n t
punk,p ah1 ng k
porn storm,p ao1 r n,s t ao1 r m
people voice,p iy1 p ah0 l,v oy1 s
party hats,p aa1 r t iy0,hh ae1 t s
pineapples,p ay1 n ae2 p ah0 l z
porn moment,p ao1 r n,m ow1 m ah0 n t
parade maker,p er0 ey1 d,m ey1 k er0
patrick,p ae1 t r ih0 k
poser,p ow1 z er0
pirate bath,p ay1 r ah0 t,b ae1 th
poop,p uw1 p
party,p aa1 r t iy0
prick,p r ih1 k
please advise,p l iy1 z,ae0 d v ay1 z
poon,p uw1 n
poo,p uw1
pop a squat,p aa1 p,ah0,s k w aa1 t
pimp,p ih1 m p
parking karma,p aa1 r k ih0 ng,k aa1 r m ah0
peta,p iy1 t ah0
porch monkey,p ao1 r ch,m ah1 ng k iy0
pink sock,p ih1 ng k,s aa1 k
pink floyd,p ih1 ng k,f l oy1 d
piglet flu,p ih1 g l ih0 t,f l uw1
pretext,p r iy1 t eh2 k s t
psychic,s ay1 k ih0 k
period,p ih1 r iy0 ah0 d
piss window,p ih1 s,w ih1 n d ow0
player,p l ey1 er0
pineapple,p ay1 n ae2 p ah0 l
prude,p r uw1 d
preppy,p r eh1 p iy0
pervert,p er1 v er0 t
party foul,p aa1 r t iy0,f aw1 l
poland,p ow1 l ah0 n d
palin,p ae1 l ih0 n
police chase,p ah0 l iy1 s,ch ey1 s
pussy whipped,p uh1 s iy0,w ih1 p t
poo pride,p uw1,p r ay1 d
police,p ah0 l iy1 s
pot,p aa1 t
pedophile,p eh1 d ow0 f ay0 l
paul,p ao1 l
prep,p r eh1 p
pamela,p ae1 m ah0 l ah0
peace,p iy1 s
porno,p ao1 r n ow0
phone grope,f ow1 n,g r ow1 p
philadelphia,f ih2 l ah0 d eh1 l f iy0 ah0
paige,p ey1 jh
puma,p uw1 m ah0
pizza tumor,p iy1 t s ah0,t uw1 m er0
perez hilton,p eh1 r eh0 z,hh ih1 l t ah0 n
pen you in,p eh1 n,y uw1,ih0 n
psycho,s ay1 k ow0
peter,p iy1 t er0
pig,p ih1 g
posse,p aa1 s iy0
pissed out,p ih1 s t,aw1 t
question fart,k w eh1 s ch ah0 n,f aa1 r t
queen,k w iy1 n
queer,k w ih1 r
quagmire,k w ae1 g m ay2 er0
quebec,k w ah0 b eh1 k
quigley,k w ih1 g l iy0
quarter,k w ao1 r t er0
quickie,k w ih1 k iy0
qu,k uw1
quinn,k w ih1 n
quirky,k w er1 k iy0
queens,k w iy1 n z
quid,k w ih1 d
quiet kid,k w ay1 ah0 t,k ih1 d
quebec,k w ah0 b eh1 k
qi vampire,k iy1,v ae1 m p ay0 r
quad,k w aa1 d
quick scope,k w ih1 k,s k ow1 p
quip,k w ih1 p
queer bait,k w ih1 r,b ey1 t
quentin,k w eh1 n t ih0 n
quiche,k iy1 sh
quack,k w ae1 k
que lo que,k y uw1,l ow1,k y uw1
queer as folk,k w ih1 r,ae1 z,f ow1 k
quintin,k w ih1 n t ih0 n
quicktime,k w ih1 k t ay2 m
q,k y uw1
quint,k w ih1 n t
quake,k w ey1 k
queen bee,k w iy1 n,b iy1
quarter water,k w ao1 r t er0,w ao1 t er0
quan,k w ao1 n
que sera sera,k y uw1,s ih1 r ah0,s ih1 r ah0
queensland,k w iy1 n z l ae2 n d
quarterback,k w ao1 r t er0 b ae2 k
quitter,k w ih1 t er0
quad laser,k w aa1 d,l ey1 z er0
qi,k iy1
quid pro quo,k w ih1 d,p r ow1,k w ow1
que,k y uw1
qatar,k ah2 t aa1 r
quark,k w aa1 r k
quarters,k w ao1 r t er0 z
quinton,k w ih0 n t ao1 n
quebecois,k w eh1 b ah0 s w aa2
quixotic,k w ih0 k s aa1 t ih0 k
queue,k y uw1
rescue chip,r eh1 s k y uw0,ch ih1 p
religion,r ih0 l ih1 jh ah0 n
republican,r ih0 p ah1 b l ih0 k ah0 n
rape,r ey1 p
ratchet,r ae1 ch ah0 t
ryan,r ay1 ah0 n
ron paul,r aa1 n,p ao1 l
redneck,r eh1 d n eh2 k
remote dance,r ih0 m ow1 t,d ae1 n s
rebound team,r iy0 b aw1 n d,t iy1 m
retard,r ih0 t aa1 r d
racist,r ey1 s ih0 s t
running latte,r ah1 n ih0 ng,l aa1 t ey2
rap,r ae1 p
rock,r aa1 k
robert,r aa1 b er0 t
rebound job,r iy0 b aw1 n d,jh aa1 b
right of wave,r ay1 t,ah1 v,w ey1 v
rick rolled,r ih1 k,r ow1 l d
rebecca,r ah0 b eh1 k ah0
rachel,r ey1 ch ah0 l
raptor jesus,r ae1 p t er0,jh iy1 z ah0 s
redhead,r eh1 d hh eh2 d
rebecca black,r ah0 b eh1 k ah0,b l ae1 k
rim job,r ih1 m,jh aa1 b
rush limbaugh,r ah1 sh,l ih1 m b ao2
ronald reagan,r aa1 n ah0 l d,r ey1 g ah0 n
richard,r ih1 ch er0 d
random,r ae1 n d ah0 m
rad,r ae1 d
rick santorum,r ih1 k,s ae0 n t ao1 r ah0 m
rut ro,r ah1 t,r ow1
rick roll,r ih1 k,r ow1 l
rat man,r ae1 t,m ae1 n
rage,r ey1 jh
randy,r ae1 n d iy0
rick ross,r ih1 k,r aa1 s
rugby,r ah1 g b iy0
rack off,r ae1 k,ao1 f
racism,r ey1 s ih2 z ah0 m
rachael,r ey1 ch ah0 l
russia,r ah1 sh ah0
rack,r ae1 k
russian,r ah1 sh ah0 n
relationship,r iy0 l ey1 sh ah0 n sh ih2 p
riding,r ay1 d ih0 ng
rebel,r eh1 b ah0 l
rave,r ey1 v
reefer,r iy1 f er0
renee,r ah0 n ey1
rainbow party,r ey1 n b ow2,p aa1 r t iy0
rise against,r ay1 z,ah0 g eh1 n s t
radar ass,r ey1 d aa2 r,ae1 s
rush,r ah1 sh
red,r eh1 d
reach around,r iy1 ch,er0 aw1 n d
ron jeremy,r aa1 n,jh eh1 r ah0 m iy0
republicans,r ih0 p ah1 b l ih0 k ah0 n z
red wings,r eh1 d,w ih1 ng z
rectal piss,r eh1 k t ah0 l,p ih1 s
rita,r iy1 t ah0
raver,r ey1 v er0
respect,r ih0 s p eh1 k t
reggie,r eh1 jh iy0
renee,r ah0 n ey1
sex,s eh1 k s
slut,s l ah1 t
shit,sh ih1 t
skeet,s k iy1 t
santorum,s ae0 n t ao1 r ah0 m
sexy,s eh1 k s iy0
scene,s iy1 n
school,s k uw1 l
spot tease,s p aa1 t,t iy1 z
stealth abs,s t eh1 l th,ey1 b iy1 eh1 s
soap grafting,s ow1 p,g r ae1 f t ih0 ng
sniff test,s n ih1 f,t eh1 s t
scientology,s ay2 ah0 n t aa1 l ah0 jh iy0
stupid,s t uw1 p ah0 d
superman,s uw1 p er0 m ah0 n
stall stall,s t ao1 l,s t ao1 l
samantha,s ah0 m ae1 n th ah0
south park,s aw1 th,p aa1 r k
shocker,sh aa1 k er0
stall waiting,s t ao1 l,w ey1 t ih0 ng
stoner,s t ow1 n er0
suicide,s uw1 ah0 s ay2 d
sarah,s eh1 r ah0
slow burn,s l ow1,b er1 n
shuffle shame,sh ah1 f ah0 l,sh ey1 m
stephanie,s t eh1 f ah0 n iy0
second life,s eh1 k ah0 n d,l ay1 f
sean,sh ao1 n
sleep,s l iy1 p
soccer mom,s aa1 k er0,m aa1 m
satan,s ey1 t ah0 n
spoiler alert,s p oy1 l er0,ah0 l er1 t
spicey edit,s p ay1 s iy0,eh1 d ah0 t
shelf esteem,sh eh1 l f,ah0 s t iy1 m
sarah palin,s eh1 r ah0,p ae1 l ih0 n
snake juice,s n ey1 k,jh uw1 s
sexting,s eh1 k s t ih2 ng
shopped,sh aa1 p t
san diego,s ae1 n,d iy0 ey1 g ow0
sofa king,s ow1 f ah0,k ih1 ng
shoe whore,sh uw1,hh ao1 r
spiderman,s p ay1 d er0 m ae0 n
star wars,s t aa1 r,w ao1 r z
shirt mask,sh er1 t,m ae1 s k
sand nigger,s ae1 n d,n ih1 g er0
soccer,s aa1 k er0
stellato,s t eh0 l aa1 t ow0
shower tissue,sh aw1 er0,t ih1 s y uw2
shorty,sh ao1 r t iy0
spank bank,s p ae1 ng k,b ae1 ng k
swagger,s w ae1 g er0
sport snob,s p ao1 r t,s n aa1 b
screen saver,s k r iy1 n,s ey1 v er0
stoned,s t ow1 n d
sticker shock,s t ih1 k er0,sh aa1 k
song binging,s ao1 ng,b ih1 ng g ih0 ng
sara,s eh1 r ah0
straight edge,s t r ey1 t,eh1 jh
sup,s ah1 p
sublime,s ah0 b l ay1 m
slang,s l ae1 ng
sore winner,s ao1 r,w ih1 n er0
stress eater,s t r eh1 s,iy1 t er0
sodomy,s aa1 d ah0 m iy0
spit take,s p ih1 t,t ey1 k
snow hysteria,s n ow1,hh ih0 s t eh1 r iy0 ah0
superbowl,s uw1 p er0 b ow2 l
tool,t uw1 l
troll,t r ow1 l
twilight,t w ay1 l ay2 t
tramp stamp,t r ae1 m p,s t ae1 m p
thanksgiving,th ae2 ng k s g ih1 v ih0 ng
trailer fraud,t r ey1 l er0,f r ao1 d
tupac,t uw1 p ao0 k
toilet mummy,t oy1 l ah0 t,m ah1 m iy0
tongue typo,t ah1 ng,t ay1 p ow0
time vampire,t ay1 m,v ae1 m p ay0 r
the game,dh ah0,g ey1 m
third base,th er1 d,b ey1 s
tv stoned,t iy1 v iy1,s t ow1 n d
tired high,t ay1 er0 d,hh ay1
the book off,dh ah0,b uh1 k,ao1 f
tooth sweater,t uw1 th,s w eh1 t er0
thrift whore,th r ih1 f t,hh ao1 r
trill,t r ih1 l
the beatles,dh ah0,b iy1 t ah0 l z
tony danza,t ow1 n iy0,d ae1 n z ah0
thomas,t aa1 m ah0 s
trick,t r ih1 k
thong,th ao1 ng
tag hag,t ae1 g,hh ae1 g
toiletry,t oy1 l ah0 t r iy0
tom cruise,t aa1 m,k r uw1 z
trance,t r ae1 n s
twitter,t w ih1 t er0
the,dh ah0
taylor,t ey1 l er0
true love,t r uw1,l ah1 v
tramp,t r ae1 m p
techno viking,t eh1 k n ow0,v ay1 k ih0 ng
the shit,dh ah0,sh ih1 t
thick,th ih1 k
trap,t r ae1 p
taylor gang,t ey1 l er0,g ae1 ng
the simpsons,dh ah0,s ih1 m p s ah0 n z
taint,t ey1 n t
towel tango,t aw1 ah0 l,t ae1 ng g ow0
tea bag,t iy1,b ae1 g
trevor,t r eh1 v er0
texas,t eh1 k s ah0 s
trolling,t r ow1 l ih0 ng
tara,t eh1 r ah0
tom,t aa1 m
toronto,t er0 aa1 n t ow0
tyler,t ay1 l er0
tight,t ay1 t
the time,dh ah0,t ay1 m
twitter bang,t w ih1 t er0,b ae1 ng
taco bell,t aa1 k ow0,b eh1 l
tease,t iy1 z
tattoo,t ae0 t uw1
townie,t aw1 n iy0
teeny bopper,t iy1 n iy0,b aa1 p er0
turbeville,t er1 b v ih0 l
thug life,th ah1 g,l ay1 f
tim,t ih1 m
touche,t uw1 sh
tiffany,t ih1 f ah0 n iy0
teacher,t iy1 ch er0
teenager,t iy1 n ey2 jh er0
truthiness,t r uw1 th iy2 n ah0 s
the shocker,dh ah0,sh aa1 k er0
trib,t r ih1 b
the man,dh ah0,m ae1 n
united states,y uw0 n ay1 t ah0 d,s t ey1 t s
urban farmer,er1 b ah0 n,f aa1 r m er0
uber,y uw1 b er0
ugly cry,ah1 g l iy0,k r ay1
ugly,ah1 g l iy0
upper decker,ah1 p er0,d eh1 k er0
usa,y uw1 eh1 s ey1
urban cougar,er1 b ah0 n,k uw1 g er0
uncle jeff,ah1 ng k ah0 l,jh eh1 f
utah,y uw1 t ao2
urban,er1 b ah0 n
u,y uw1
uncle tom,ah1 ng k ah0 l,t aa1 m
university,y uw2 n ah0 v er1 s ah0 t iy0
urban amish,er1 b ah0 n,aa1 m ih0 sh
union,y uw1 n y ah0 n
unforgivable,ah2 n f ao0 r g ih1 v ah0 b ah0 l
ukraine,y uw0 k r ey1 n
undertaker,ah1 n d er0 t ey2 k er0
ugh,ah1 g
u mad,y uw1,m ae1 d
urban dick,er1 b ah0 n,d ih1 k
underground,ah1 n d er0 g r aw2 n d
up the irons,ah1 p,dh ah0,ay1 er0 n z
unofficial,ah2 n ah0 f ih1 sh ah0 l
update day,ah0 p d ey1 t,d ey1
useless,y uw1 s l ah0 s
uber micro,y uw1 b er0,m ay1 k r ow2
uncut,ah2 n k ah1 t
ur mom,er1,m aa1 m
up dog,ah1 p,d ao1 g
ur,er1
usher,ah1 sh er0
up the spout,ah1 p,dh ah0,s p aw1 t
unix beard,y uw1 n ih0 k s,b ih1 r d
uncle fucker,ah1 ng k ah0 l,f ah1 k er0
upper deck,ah1 p er0,d eh1 k
up yours,ah1 p,y uh1 r z
uncle hank,ah1 ng k ah0 l,hh ae1 ng k
underrated,ah0 n d er0 r ey1 t ih0 d
uzi,uw1 z iy0
uranus,y uw1 r ah0 n ah0 s
utt,ah1 t
undefined,ah2 n d ih0 f ay1 n d
urine,y er1 ah0 n
ukrainian,y uw0 k r ey1 n iy0 ah0 n
urn yearning,er1 n,y er1 n ih0 ng
unangst,ao1 n ah0 ng s t
vagina,v ah0 jh ay1 n ah0
vegetarian,v eh2 jh ah0 t eh1 r iy0 ah0 n
virgin,v er1 jh ih0 n
virgin ears,v er1 jh ih0 n,ih1 r z
vegan,v eh1 g ah0 n
vote,v ow1 t
vanessa,v ah0 n eh1 s ah0
victoria,v ih0 k t ao1 r iy0 ah0
vampire,v ae1 m p ay0 r
vodka,v aa1 d k ah0
virginity,v er0 jh ih1 n ih0 t iy0
valerie,v ae1 l er0 iy0
vancouver,v ae0 n k uw1 v er0
vincent,v ih1 n s ah0 n t
vivian,v ih1 v iy0 ah0 n
video games,v ih1 d iy0 ow0,g ey1 m z
village idiot,v ih1 l ah0 jh,ih1 d iy0 ah0 t
vanilla,v ah0 n ih1 l ah0
victor,v ih1 k t er0
vanilla ice,v ah0 n ih1 l ah0,ay1 s
vibrator,v ay1 b r ey0 t er0
v card,v iy1,k aa1 r d
vixen,v ih1 k s ih0 n
viagra,v iy0 ae1 g r ah0
vietnamese,v iy0 eh0 t n aa0 m iy1 s
veronica,v er0 aa1 n ih0 k ah0
virginia,v er0 jh ih1 n y ah0
vietnam,v iy0 eh2 t n aa1 m
valley girl,v ae1 l iy0,g er1 l
vans,v ae1 n z
vore,v ao1 r
volleyball,v aa1 l iy0 b ao2 l
vida guerra,v ay1 d ah0,g w eh1 r ah0
vulva,v uh1 l v ah0
vig,v ih1 g
vermont,v er0 m aa1 n t
virgo,v er1 g ow0
van halen,v ae1 n,hh ey1 l eh0 n
valeria,v ah0 l iy1 r iy0 ah0
vitamin pee,v ay1 t ah0 m ah0 n,p iy1
virginia tech,v er0 jh ih1 n y ah0,t eh1 k
vanderbilt,v ae1 n d er0 b ih0 l t
violin,v ay0 ah0 l ih1 n
velcro heads,v eh1 l k r ow0,hh eh1 d z
valentine,v ae1 l ah0 n t ay2 n
vinny,v ih1 n iy0
vanilla face,v ah0 n ih1 l ah0,f ey1 s
verga,v eh1 r g ah0
vin diesel,v ih1 n,d iy1 s ah0 l
vegemite,v eh1 jh ah0 m ay2 t
viking,v ay1 k ih0 ng
vicky,v ih1 k iy0
violence,v ay1 ah0 l ah0 n s
vomit,v aa1 m ah0 t
venezuela,v eh2 n ih0 z w ey1 l ah0
vista,v ih1 s t ah0
voyeur,v oy2 y uw1 r
virus,v ay1 r ah0 s
viola,v ay0 ow1 l ah0
veronica mars,v er0 aa1 n ih0 k ah0,m aa1 r z
vic fuentes,v ih1 k,f w eh1 n t ey2 z
woody,w uh1 d iy0
weed,w iy1 d
whore,hh ao1 r
wigger,w ih1 g er0
whatever,w ah2 t eh1 v er0
women,w ih1 m ah0 n
work mouth,w er1 k,m aw1 th
woman,w uh1 m ah0 n
wiper beat,w ay1 p er0,b iy1 t
whack it off,w ae1 k,ih1 t,ao1 f
white trash,w ay1 t,t r ae1 sh
wank,w aa1 ng k
whipped,w ih1 p t
word,w er1 d
walmart,w ao1 l m aa2 r t
wallet threat,w ao1 l ah0 t,th r eh1 t
wow,w aw1
white people,w ay1 t,p iy1 p ah0 l
wallflower,w ao1 l f l aw2 er0
william,w ih1 l y ah0 m
wingman,w ih1 ng m ah0 n
work hot,w er1 k,hh aa1 t
water temple,w ao1 t er0,t eh1 m p ah0 l
windows,w ih1 n d ow0 z
wake and bake,w ey1 k,ah0 n d,b ey1 k
watch this,w aa1 ch,dh ih1 s
whip,w ih1 p
web glow,w eh1 b,g l ow1
wet,w eh1 t
wicked,w ih1 k ah0 d
white boy,w ay1 t,b oy1
wood,w uh1 d
wat,w ao1 t
wisconsin,w ih0 s k aa1 n s ah0 n
wide stance,w ay1 d,s t ae1 n s
wife,w ay1 f
wong,w ao1 ng
whale tail,w ey1 l,t ey1 l
white,w ay1 t
water,w ao1 t er0
war,w ao1 r
walk of shame,w ao1 k,ah1 v,sh ey1 m
wang,w ae1 ng
white girl,w ay1 t,g er1 l
word vomit,w er1 d,v aa1 m ah0 t
wife beater,w ay1 f,b iy1 t er0
womanizer,w uh1 m ah0 n ay2 z er0
will,w ih1 l
wet dream,w eh1 t,d r iy1 m
wisest wizard,w ay1 z ah0 s t,w ih1 z er0 d
work sandwich,w er1 k,s ae1 n d w ih0 ch
whitney,w ih1 t n iy0
walmart tax,w ao1 l m aa2 r t,t ae1 k s
wasp,w aa1 s p
windows me,w ih1 n d ow0 z,m iy1
white power,w ay1 t,p aw1 er0
welfare,w eh1 l f eh2 r
wrestling,r eh1 s l ih0 ng
wop,w aa1 p
whiskey dick,w ih1 s k iy0,d ih1 k
wasted,w ey1 s t ah0 d
windows vista,w ih1 n d ow0 z,v ih1 s t ah0
wayne brady,w ey1 n,b r ey1 d iy0
white widow,w ay1 t,w ih1 d ow0
wannabe,w aa1 n ah0 b iy2
washington,w aa1 sh ih0 ng t ah0 n
what,w ah1 t
wacko jacko,w ae1 k ow0,jh ae1 k ow0
wet pussy,w eh1 t,p uh1 s iy0
window licker,w ih1 n d ow0,l ih1 k er0
weiner,w ay1 n er0
white pride,w ay1 t,p r ay1 d
word is bond,w er1 d,ih1 z,b aa1 n d
wal mart,w ao1 l,m aa1 r t
walk blocker,w ao1 k,b l aa1 k er0
x,eh1 k s
xanax,z ae1 n ae0 k s
xavier,z ey1 v y er0
xu,z uw1
xena,z iy1 n ah0
x to the z,eh1 k s,t uw1,dh ah0,z iy1
xenophobia,z eh2 n ah0 f ow1 b iy0 ah0
x japan,eh1 k s,jh ah0 p ae1 n
xian,z y aa1 n
xie,z iy1
xenia,z iy1 n iy0 ah0
x play,eh1 k s,p l ey1
xerxes,z er1 k s iy0 z
x box,eh1 k s,b aa1 k s
x y is x,eh1 k s,w ay1,ih1 z,eh1 k s
xanthe,z ae1 n dh
xylophone,z ay1 l ah0 f ow2 n
xiao,zh aw1
x factor,eh1 k s,f ae1 k t er0
xanax bar,z ae1 n ae0 k s,b aa1 r
xuan,zh w aa1 n
your mom,y ao1 r,m aa1 m
you,y uw1
yo,y ow1
yuppie,y ah1 p iy0
yellow fever,y eh1 l ow0,f iy1 v er0
yucky,y ah1 k iy0
yay,y ey1
yellow listed,y eh1 l ow0,l ih1 s t ah0 d
yeah,y ae1
your face,y ao1 r,f ey1 s
yak,y ae1 k
yay area,y ey1,eh1 r iy0 ah0
your,y ao1 r
yankees,y ae1 ng k iy0 z
yoko ono,y ow1 k ow0,ow1 n ow0
yola,y ow1 l ah0
yahoo answers,y aa1 hh uw2,ae1 n s er0 z
yu,y uw1
yankee,y ae1 ng k iy0
yawn pong,y ao1 n,p ao1 ng
yo momma,y ow1,m aa1 m ah0
yank,y ae1 ng k
your city,y ao1 r,s ih1 t iy0
yasmin,y ae1 z m ih0 n
your mum,y ao1 r,m ah1 m
yuri,y uh1 r iy0
yoshi,y ow1 sh iy0
yes,y eh1 s
yard ape,y aa1 r d,ey1 p
yellow bone,y eh1 l ow0,b ow1 n
yee,y iy1
yard bomb,y aa1 r d,b aa1 m
yo nigger ,y ow1,n ih1 g er0
yorkshire,y ao1 r k sh er0
ya dig,y aa1,d ih1 g
yard sailing,y aa1 r d,s ey1 l ih0 ng
ya mum,y aa1,m ah1 m
yo mama,y ow1,m aa1 m ah0
york,y ao1 r k
ya,y aa1
yellow,y eh1 l ow0
young buck,y ah1 ng,b ah1 k
your gay,y ao1 r,g ey1
youngstown,y ah1 ng z t aw2 n
yao ming,y aw1,m ih1 ng
yvette,ih0 v eh1 t
your mother,y ao1 r,m ah1 dh er0
yvonne,ih0 v aa1 n
yoked,y ow1 k t
yorrick hunt,y ao1 r ih0 k,hh ah1 n t
young,y ah1 ng
young money,y ah1 ng,m ah1 n iy0
yellow cake,y eh1 l ow0,k ey1 k
yale,y ey1 l
yoga pants,y ow1 g ah0,p ae1 n t s
yeah buddy,y ae1,b ah1 d iy0
yup,y ah1 p
zelda,z eh1 l d ah0
zombie jesus,z aa1 m b iy0,jh iy1 z ah0 s
zombie,z aa1 m b iy0
zach,z ae1 k
zionist,z ay1 ah0 n ih0 s t
zachary,z ae1 k er0 iy0
zing,z ih1 ng
zoe,z ow1 iy0
zionism,z ay1 ah0 n ih2 z ah0 m
zip,z ih1 p
zoe pound,z ow1 iy0,p aw1 n d
zombie ad,z aa1 m b iy0,ae1 d
zack,z ae1 k
zara,z ae1 r ah0
zak,z ae1 k
zig,z ih1 g
zeitgeist,t s ay1 t g ay2 s t
zapien,z ae1 p iy0 n
zombie crush,z aa1 m b iy0,k r ah1 sh
zipper head,z ih1 p er0,hh eh1 d
zoned,z ow1 n d
zig zag,z ih1 g,z ae1 g
zone,z ow1 n
z job,z iy1,jh aa1 b
z,z iy1
zen,z eh1 n
zack merrick,z ae1 k,m eh1 r ih0 k
zane,z ey1 n
zim,z ih1 m
zaftig,z ae1 f t ih0 g
ze,z iy1
zone typing,z ow1 n,t ay1 p ih0 ng
zippo,z ih1 p ow0
zebra,z iy1 b r ah0
zoned out,z ow1 n d,aw1 t
zipless fuck,z ih1 p l ah0 s,f ah1 k
zeta male,z ey1 t ah0,m ey1 l
zucker,z ah1 k er0
zigzag,z ih1 g z ae0 g
zeke,z iy1 k
zappa,z ae1 p ah0
zea,z iy1
z ,z iy1
zahir,z ah0 hh ih1 r
zorz,z ao1 r z
zed,z eh1 d
zeta phi beta,z ey1 t ah0,f ay1,b ey1 t ah0
zion,z ay1 ah0 n
